NULL,NULL,1,1,1,"home","905-525-9140 (A-AA)",NULL,NULL,"SHERBROOKE",11,"Canada","J1H 2W2",NULL
NULL,NULL,2,1,1,"home","905-525-9140 (B-AA)",NULL,NULL,"SAINT-CONSTANT",11,"Canada","J5A 2T7",NULL
NULL,NULL,3,1,1,"home","905-525-9140 (C-AA)",NULL,NULL,"ETOBICOKE",9,"Canada","M8V 3C2",NULL
NULL,NULL,4,1,1,"home","905-525-9140 (D-AA)",NULL,NULL,"SCARBOROUGH",9,"Canada","M1K 3T6",NULL
NULL,NULL,5,1,1,"home","905-525-9140 (E-AA)",NULL,NULL,"MILTON",9,"Canada","L9T 2G5",NULL
NULL,NULL,6,1,1,"home","905-525-9140 (F-AA)",NULL,NULL,"TORONTO",9,"Canada","M4Y 1X8",NULL
NULL,NULL,7,1,1,"home","905-525-9140 (G-AA)",NULL,NULL,"DELHI",9,"Canada","N4B 3E7",NULL
NULL,NULL,8,1,1,"home","905-525-9140 (H-AA)",NULL,NULL,"BOUCTOUCHE RESERVE",4,"Canada","E4S 4G5",NULL
NULL,NULL,9,1,1,"home","905-525-9140 (I-AA)",NULL,NULL,"ANCASTER",9,"Canada","L9G 2W7",NULL
NULL,NULL,10,1,1,"home","905-525-9140 (J-AA)",NULL,NULL,"LE GOULET",4,"Canada","E8S 1Z6",NULL
NULL,NULL,11,1,1,"home","905-525-9140 (K-AA)",NULL,NULL,"ST CATHARINES",9,"Canada","L2P 1R2",NULL
NULL,NULL,12,1,1,"home","905-525-9140 (L-AA)",NULL,NULL,"NANAIMO",2,"Canada","V9S 4K7",NULL
NULL,NULL,13,1,1,"home","905-525-9140 (M-AA)",NULL,NULL,"GRANDORA",12,"Canada","S0K 1V0",NULL
NULL,NULL,14,1,1,"home","905-525-9140 (N-AA)",NULL,NULL,"NEGUAC",4,"Canada","E9G 1K8",NULL
NULL,NULL,15,1,1,"home","905-525-9140 (O-AA)",NULL,NULL,"EDMONTON",1,"Canada","T5A 3J1",NULL
NULL,NULL,16,1,1,"home","905-525-9140 (P-AA)",NULL,NULL,"NORMANDIN",11,"Canada","G8M 3V2",NULL
NULL,NULL,17,1,1,"home","905-525-9140 (Q-AA)",NULL,NULL,"CHATEAUGUAY",11,"Canada","J6J 2V5",NULL
NULL,NULL,18,1,1,"home","905-525-9140 (R-AA)",NULL,NULL,"VANCOUVER",2,"Canada","V5Y 1C8",NULL
NULL,NULL,19,1,1,"home","905-525-9140 (S-AA)",NULL,NULL,"NEPEAN",9,"Canada","K2J 0M3",NULL
NULL,NULL,20,1,1,"home","905-525-9140 (T-AA)",NULL,NULL,"TRENTON",9,"Canada","K8V 4G6",NULL
NULL,NULL,21,1,1,"home","905-525-9140 (U-AA)",NULL,NULL,"MONTREAL",11,"Canada","H3H 2P2",NULL
NULL,NULL,22,1,1,"home","905-525-9140 (V-AA)",NULL,NULL,"TROIS-RIVIERES",11,"Canada","G8T 5W3",NULL
NULL,NULL,23,1,1,"home","905-525-9140 (W-AA)",NULL,NULL,"BURLINGTON",9,"Canada","L7L 1Z6",NULL
NULL,NULL,24,1,1,"home","905-525-9140 (X-AA)",NULL,NULL,"ANJOU",11,"Canada","H1J 1W6",NULL
NULL,NULL,25,1,1,"home","905-525-9140 (Y-AA)",NULL,NULL,"CALGARY",1,"Canada","T2P 0W8",NULL
NULL,NULL,26,1,1,"home","905-525-9140 (Z-AA)",NULL,NULL,"ALMA",11,"Canada","G8B 5M7",NULL
NULL,NULL,27,1,1,"home","905-525-9140 (A-AB)",NULL,NULL,"PARKSVILLE",2,"Canada","V9P 1G9",NULL
NULL,NULL,28,1,1,"home","905-525-9140 (B-AB)",NULL,NULL,"LASALLE",11,"Canada","H8R 2Z9",NULL
NULL,NULL,29,1,1,"home","905-525-9140 (C-AB)",NULL,NULL,"GREENFIELD",7,"Canada","B6L 4K4",NULL
NULL,NULL,30,1,1,"home","905-525-9140 (D-AB)",NULL,NULL,"JOLICURE",4,"Canada","E4L 2S5",NULL
NULL,NULL,31,1,1,"home","905-525-9140 (E-AB)",NULL,NULL,"BURNABY",2,"Canada","V5E 0A9",NULL
NULL,NULL,32,1,1,"home","905-525-9140 (F-AB)",NULL,NULL,"JONQUIERE",11,"Canada","G7S 4K5",NULL
NULL,NULL,33,1,1,"home","905-525-9140 (G-AB)",NULL,NULL,"RIVIERE-DU-LOUP",11,"Canada","G5R 3Y7",NULL
NULL,NULL,34,1,1,"home","905-525-9140 (H-AB)",NULL,NULL,"REGINA",12,"Canada","S4T 2S6",NULL
NULL,NULL,35,1,1,"home","905-525-9140 (I-AB)",NULL,NULL,"HARVEY YORK CO",4,"Canada","E6K 1B7",NULL
NULL,NULL,36,1,1,"home","905-525-9140 (J-AB)",NULL,NULL,"GATINEAU",11,"Canada","J9H 2H7",NULL
NULL,NULL,37,1,1,"home","905-525-9140 (K-AB)",NULL,NULL,"SYDNEY",7,"Canada","B1P 2A2",NULL
NULL,NULL,38,1,1,"home","905-525-9140 (L-AB)",NULL,NULL,"LONDON",9,"Canada","N5V 4H7",NULL
NULL,NULL,39,1,1,"home","905-525-9140 (M-AB)",NULL,NULL,"DEUX-MONTAGNES",11,"Canada","J7R 3G4",NULL
NULL,NULL,40,1,1,"home","905-525-9140 (N-AB)",NULL,NULL,"ST THOMAS",9,"Canada","N5P 1C8",NULL
NULL,NULL,41,1,1,"home","905-525-9140 (O-AB)",NULL,NULL,"WINNIPEG",3,"Canada","R3E 2L7",NULL
NULL,NULL,42,1,1,"home","905-525-9140 (P-AB)",NULL,NULL,"VICTORIA",2,"Canada","V9C 3Y1",NULL
NULL,NULL,43,1,1,"home","905-525-9140 (Q-AB)",NULL,NULL,"PIERREFONDS",11,"Canada","H9H 1H7",NULL
NULL,NULL,44,1,1,"home","905-525-9140 (R-AB)",NULL,NULL,"CHATHAM",9,"Canada","N7L 1N6",NULL
NULL,NULL,45,1,1,"home","905-525-9140 (S-AB)",NULL,NULL,"GATINEAU",11,"Canada","J8Z 3J2",NULL
NULL,NULL,46,1,1,"home","905-525-9140 (T-AB)",NULL,NULL,"BRANTFORD",9,"Canada","N3P 1V5",NULL
NULL,NULL,47,1,1,"home","905-525-9140 (U-AB)",NULL,NULL,"PRINCE GEORGE",2,"Canada","V2M 4C2",NULL
NULL,NULL,48,1,1,"home","905-525-9140 (V-AB)",NULL,NULL,"CALGARY",1,"Canada","T1Y 1T4",NULL
NULL,NULL,49,1,1,"home","905-525-9140 (W-AB)",NULL,NULL,"VICTORIA",2,"Canada","V8T 5A7",NULL
NULL,NULL,50,1,1,"home","905-525-9140 (X-AB)",NULL,NULL,"SHERBROOKE",11,"Canada","J1J 3L7",NULL
NULL,NULL,51,1,1,"home","905-525-9140 (Y-AB)",NULL,NULL,"CALGARY",1,"Canada","T3C 1Y3",NULL
NULL,NULL,52,1,1,"home","905-525-9140 (Z-AB)",NULL,NULL,"RICHMOND HILL",9,"Canada","L4E 0C5",NULL
NULL,NULL,53,1,1,"home","905-525-9140 (A-AC)",NULL,NULL,"GROSSE-ILE",11,"Canada","G4T 6B7",NULL
NULL,NULL,54,1,1,"home","905-525-9140 (B-AC)",NULL,NULL,"REGINA",12,"Canada","S4R 0P2",NULL
NULL,NULL,55,1,1,"home","905-525-9140 (C-AC)",NULL,NULL,"BEACONSFIELD",11,"Canada","H9W 5N8",NULL
NULL,NULL,56,1,1,"home","905-525-9140 (D-AC)",NULL,NULL,"PIERREFONDS",11,"Canada","H9J 3V3",NULL
NULL,NULL,57,1,1,"home","905-525-9140 (E-AC)",NULL,NULL,"PRINCE ALBERT",12,"Canada","S6V 7B5",NULL
NULL,NULL,58,1,1,"home","905-525-9140 (F-AC)",NULL,NULL,"RIVERVIEW",4,"Canada","E1B 5R8",NULL
NULL,NULL,59,1,1,"home","905-525-9140 (G-AC)",NULL,NULL,"LAVAL",11,"Canada","H7X 1X5",NULL
NULL,NULL,60,1,1,"home","905-525-9140 (H-AC)",NULL,NULL,"BURLINGTON",9,"Canada","L7P 0J5",NULL
NULL,NULL,61,1,1,"home","905-525-9140 (I-AC)",NULL,NULL,"ELGIN",4,"Canada","E4Z 1T6",NULL
NULL,NULL,62,1,1,"home","905-525-9140 (J-AC)",NULL,NULL,"GORDONSVILLE",4,"Canada","E7L 2L9",NULL
NULL,NULL,63,1,1,"home","905-525-9140 (K-AC)",NULL,NULL,"KIMBERLEY",2,"Canada","V1A 2E1",NULL
NULL,NULL,64,1,1,"home","905-525-9140 (L-AC)",NULL,NULL,"QUEBEC",11,"Canada","G1L 2G3",NULL
NULL,NULL,65,1,1,"home","905-525-9140 (M-AC)",NULL,NULL,"BURLINGTON",9,"Canada","L7R 1R6",NULL
NULL,NULL,66,1,1,"home","905-525-9140 (N-AC)",NULL,NULL,"INNISFIL",9,"Canada","L9S 4Z2",NULL
NULL,NULL,67,1,1,"home","905-525-9140 (O-AC)",NULL,NULL,"HILLSBOROUGH",4,"Canada","E4H 2Z5",NULL
NULL,NULL,68,1,1,"home","905-525-9140 (P-AC)",NULL,NULL,"SCARBOROUGH",9,"Canada","M1R 3J5",NULL
NULL,NULL,69,1,1,"home","905-525-9140 (Q-AC)",NULL,NULL,"TERRACE",2,"Canada","V8G 1S8",NULL
NULL,NULL,70,1,1,"home","905-525-9140 (R-AC)",NULL,NULL,"ASBESTOS",11,"Canada","J1T 1Z3",NULL
NULL,NULL,71,1,1,"home","905-525-9140 (S-AC)",NULL,NULL,"VAL CARON",9,"Canada","P3N 1J6",NULL
NULL,NULL,72,1,1,"home","905-525-9140 (T-AC)",NULL,NULL,"MEAFORD",9,"Canada","N4L 1S4",NULL
NULL,NULL,73,1,1,"home","905-525-9140 (U-AC)",NULL,NULL,"RED DEER",1,"Canada","T4R 1S9",NULL
NULL,NULL,74,1,1,"home","905-525-9140 (V-AC)",NULL,NULL,"WINDSOR",9,"Canada","N8X 4T7",NULL
NULL,NULL,75,1,1,"home","905-525-9140 (W-AC)",NULL,NULL,"OTTAWA",9,"Canada","K1Y 1W7",NULL
NULL,NULL,76,1,1,"home","905-525-9140 (X-AC)",NULL,NULL,"LONGUEUIL",11,"Canada","J4L 2G3",NULL
NULL,NULL,77,1,1,"home","905-525-9140 (Y-AC)",NULL,NULL,"TRENTON",9,"Canada","K8V 4M6",NULL
NULL,NULL,78,1,1,"home","905-525-9140 (Z-AC)",NULL,NULL,"LINCOLN",4,"Canada","E3B 6W8",NULL
NULL,NULL,79,1,1,"home","905-525-9140 (A-AD)",NULL,NULL,"ETOBICOKE",9,"Canada","M9P 3N1",NULL
NULL,NULL,80,1,1,"home","905-525-9140 (B-AD)",NULL,NULL,"ABBOTSFORD",2,"Canada","V2S 2C5",NULL
NULL,NULL,81,1,1,"home","905-525-9140 (C-AD)",NULL,NULL,"RIMOUSKI",11,"Canada","G5L 4J3",NULL
NULL,NULL,82,1,1,"home","905-525-9140 (D-AD)",NULL,NULL,"SPRUCE GROVE",1,"Canada","T7X 3A2",NULL
NULL,NULL,83,1,1,"home","905-525-9140 (E-AD)",NULL,NULL,"LAVAL",11,"Canada","H7S 1W9",NULL
NULL,NULL,84,1,1,"home","905-525-9140 (F-AD)",NULL,NULL,"SIDNEY",2,"Canada","V8L 5C9",NULL
NULL,NULL,85,1,1,"home","905-525-9140 (G-AD)",NULL,NULL,"BOWMANVILLE",9,"Canada","L1C 5P9",NULL
NULL,NULL,86,1,1,"home","905-525-9140 (H-AD)",NULL,NULL,"OTTAWA",9,"Canada","K1V 6R8",NULL
NULL,NULL,87,1,1,"home","905-525-9140 (I-AD)",NULL,NULL,"SARNIA",9,"Canada","N7S 2E4",NULL
NULL,NULL,88,1,1,"home","905-525-9140 (J-AD)",NULL,NULL,"ST MARTINS",4,"Canada","E5R 2G1",NULL
NULL,NULL,89,1,1,"home","905-525-9140 (K-AD)",NULL,NULL,"GRAND MANAN",4,"Canada","E5G 1G6",NULL
NULL,NULL,90,1,1,"home","905-525-9140 (L-AD)",NULL,NULL,"SCARBOROUGH",9,"Canada","M1S 4Z9",NULL
NULL,NULL,91,1,1,"home","905-525-9140 (M-AD)",NULL,NULL,"GATINEAU",11,"Canada","J8V 2H9",NULL
NULL,NULL,92,1,1,"home","905-525-9140 (N-AD)",NULL,NULL,"COQUITLAM",2,"Canada","V3C 4S3",NULL
NULL,NULL,93,1,1,"home","905-525-9140 (O-AD)",NULL,NULL,"LONDON",9,"Canada","N5X 3K1",NULL
NULL,NULL,94,1,1,"home","905-525-9140 (P-AD)",NULL,NULL,"BOIS-DES-FILION",11,"Canada","J6Z 1C4",NULL
NULL,NULL,95,1,1,"home","905-525-9140 (Q-AD)",NULL,NULL,"MEDICINE HAT",1,"Canada","T1C 1N7",NULL
NULL,NULL,96,1,1,"home","905-525-9140 (R-AD)",NULL,NULL,"BURLINGTON",9,"Canada","L7R 3K4",NULL
NULL,NULL,97,1,1,"home","905-525-9140 (S-AD)",NULL,NULL,"SAINT-CONSTANT",11,"Canada","J5A 1X4",NULL
NULL,NULL,98,1,1,"home","905-525-9140 (T-AD)",NULL,NULL,"BANFF",1,"Canada","T1L 1K1",NULL
NULL,NULL,99,1,1,"home","905-525-9140 (U-AD)",NULL,NULL,"MONTREAL",11,"Canada","H1Y 1E8",NULL
NULL,NULL,100,1,1,"home","905-525-9140 (V-AD)",NULL,NULL,"SAINT-JEROME",11,"Canada","J7Z 1K6",NULL
NULL,NULL,101,1,1,"home","905-525-9140 (W-AD)",NULL,NULL,"GRAND-MERE",11,"Canada","G9T 1Z5",NULL
NULL,NULL,102,1,1,"home","905-525-9140 (X-AD)",NULL,NULL,"BRAMPTON",9,"Canada","L6Z 2X5",NULL
NULL,NULL,103,1,1,"home","905-525-9140 (Y-AD)",NULL,NULL,"CHARLOTTETOWN",10,"Canada","C1A 7A9",NULL
NULL,NULL,104,1,1,"home","905-525-9140 (Z-AD)",NULL,NULL,"LONDON",9,"Canada","N6A 1A9",NULL
NULL,NULL,105,1,1,"home","905-525-9140 (A-AE)",NULL,NULL,"VAL-D'OR",11,"Canada","J9P 7E5",NULL
NULL,NULL,106,1,1,"home","905-525-9140 (B-AE)",NULL,NULL,"KELOWNA",2,"Canada","V1X 2G9",NULL
NULL,NULL,107,1,1,"home","905-525-9140 (C-AE)",NULL,NULL,"JOLICURE",4,"Canada","E4L 2P5",NULL
NULL,NULL,108,1,1,"home","905-525-9140 (D-AE)",NULL,NULL,"HAMILTON",9,"Canada","L8H 1C1",NULL
NULL,NULL,109,1,1,"home","905-525-9140 (E-AE)",NULL,NULL,"TROIS-RIVIERES",11,"Canada","G8Z 3J5",NULL
NULL,NULL,110,1,1,"home","905-525-9140 (F-AE)",NULL,NULL,"ST CATHARINES",9,"Canada","L2M 3E3",NULL
NULL,NULL,111,1,1,"home","905-525-9140 (G-AE)",NULL,NULL,"BECANCOUR",11,"Canada","G9H 4X5",NULL
NULL,NULL,112,1,1,"home","905-525-9140 (H-AE)",NULL,NULL,"VANCOUVER",2,"Canada","V5Y 2P3",NULL
NULL,NULL,113,1,1,"home","905-525-9140 (I-AE)",NULL,NULL,"KELOWNA",2,"Canada","V1V 2H3",NULL
NULL,NULL,114,1,1,"home","905-525-9140 (J-AE)",NULL,NULL,"WINNIPEG",3,"Canada","R3K 1B5",NULL
NULL,NULL,115,1,1,"home","905-525-9140 (K-AE)",NULL,NULL,"RED DEER",1,"Canada","T4P 1A3",NULL
NULL,NULL,116,1,1,"home","905-525-9140 (L-AE)",NULL,NULL,"KINGSTON",9,"Canada","K7L 4J2",NULL
NULL,NULL,117,1,1,"home","905-525-9140 (M-AE)",NULL,NULL,"SAINT JOHN",4,"Canada","E2J 3Z3",NULL
NULL,NULL,118,1,1,"home","905-525-9140 (N-AE)",NULL,NULL,"MONTREAL",11,"Canada","H2B 1T3",NULL
NULL,NULL,119,1,1,"home","905-525-9140 (O-AE)",NULL,NULL,"SAINT-AUGUSTIN-DE-DESMAURES",11,"Canada","G3A 2R6",NULL
NULL,NULL,120,1,1,"home","905-525-9140 (P-AE)",NULL,NULL,"MEDICINE HAT",1,"Canada","T1A 6B2",NULL
NULL,NULL,121,1,1,"home","905-525-9140 (Q-AE)",NULL,NULL,"CENTRAL GREENWICH",4,"Canada","E5M 2K5",NULL
NULL,NULL,122,1,1,"home","905-525-9140 (R-AE)",NULL,NULL,"BROSSARD",11,"Canada","J4Z 2M5",NULL
NULL,NULL,123,1,1,"home","905-525-9140 (S-AE)",NULL,NULL,"THORNHILL",9,"Canada","L3T 3C3",NULL
NULL,NULL,124,1,1,"home","905-525-9140 (T-AE)",NULL,NULL,"RIVER RYAN",7,"Canada","B1H 5S3",NULL
NULL,NULL,125,1,1,"home","905-525-9140 (U-AE)",NULL,NULL,"SYLVAN LAKE",1,"Canada","T4S 2L2",NULL
NULL,NULL,126,1,1,"home","905-525-9140 (V-AE)",NULL,NULL,"TIMMINS",9,"Canada","P4N 3M2",NULL
NULL,NULL,127,1,1,"home","905-525-9140 (W-AE)",NULL,NULL,"WOODSTOCK",9,"Canada","N4S 4V7",NULL
NULL,NULL,128,1,1,"home","905-525-9140 (X-AE)",NULL,NULL,"ST CATHARINES",9,"Canada","L2M 1T5",NULL
NULL,NULL,129,1,1,"home","905-525-9140 (Y-AE)",NULL,NULL,"LAVAL",11,"Canada","H7P 2S1",NULL
NULL,NULL,130,1,1,"home","905-525-9140 (Z-AE)",NULL,NULL,"ETOBICOKE",9,"Canada","M9W 2V3",NULL
NULL,NULL,131,1,1,"home","905-525-9140 (A-AF)",NULL,NULL,"KITCHENER",9,"Canada","N2M 4H6",NULL
NULL,NULL,132,1,1,"home","905-525-9140 (B-AF)",NULL,NULL,"WATERLOO",9,"Canada","N2L 1G8",NULL
NULL,NULL,133,1,1,"home","905-525-9140 (C-AF)",NULL,NULL,"SHERBROOKE",11,"Canada","J1N 2X5",NULL
NULL,NULL,134,1,1,"home","905-525-9140 (D-AF)",NULL,NULL,"OTTAWA",9,"Canada","K1K 3N3",NULL
NULL,NULL,135,1,1,"home","905-525-9140 (E-AF)",NULL,NULL,"SCARBOROUGH",9,"Canada","M1M 1E8",NULL
NULL,NULL,136,1,1,"home","905-525-9140 (F-AF)",NULL,NULL,"SAINT-LAMBERT",11,"Canada","J4R 2P4",NULL
NULL,NULL,137,1,1,"home","905-525-9140 (G-AF)",NULL,NULL,"HARCOURT",4,"Canada","E4T 4C1",NULL
NULL,NULL,138,1,1,"home","905-525-9140 (H-AF)",NULL,NULL,"KIRKLAND",11,"Canada","H9J 2L3",NULL
NULL,NULL,139,1,1,"home","905-525-9140 (I-AF)",NULL,NULL,"MONTREAL-OUEST",11,"Canada","H4X 1P3",NULL
NULL,NULL,140,1,1,"home","905-525-9140 (J-AF)",NULL,NULL,"ST CATHARINES",9,"Canada","L2S 1J9",NULL
NULL,NULL,141,1,1,"home","905-525-9140 (K-AF)",NULL,NULL,"TILLSONBURG",9,"Canada","N4G 3E1",NULL
NULL,NULL,142,1,1,"home","905-525-9140 (L-AF)",NULL,NULL,"WHITBY",9,"Canada","L1M 2N9",NULL
NULL,NULL,143,1,1,"home","905-525-9140 (M-AF)",NULL,NULL,"MONTREAL",11,"Canada","H4E 3B3",NULL
NULL,NULL,144,1,1,"home","905-525-9140 (N-AF)",NULL,NULL,"NORTH YORK",9,"Canada","M3A 1J3",NULL
NULL,NULL,145,1,1,"home","905-525-9140 (O-AF)",NULL,NULL,"EGMONDVILLE",9,"Canada","N0K 1G0",NULL
NULL,NULL,146,1,1,"home","905-525-9140 (P-AF)",NULL,NULL,"NORTH YORK",9,"Canada","M5M 4J5",NULL
NULL,NULL,147,1,1,"home","905-525-9140 (Q-AF)",NULL,NULL,"MAPLE",9,"Canada","L6A 1C4",NULL
NULL,NULL,148,1,1,"home","905-525-9140 (R-AF)",NULL,NULL,"QUEBEC",11,"Canada","G1M 3C2",NULL
NULL,NULL,149,1,1,"home","905-525-9140 (S-AF)",NULL,NULL,"MONTREAL",11,"Canada","H1C 1G9",NULL
NULL,NULL,150,1,1,"home","905-525-9140 (T-AF)",NULL,NULL,"LANGLEY",2,"Canada","V2Z 2K6",NULL
NULL,NULL,151,1,1,"home","905-525-9140 (U-AF)",NULL,NULL,"WINNIPEG",3,"Canada","R2W 5G4",NULL
NULL,NULL,152,1,1,"home","905-525-9140 (V-AF)",NULL,NULL,"BROSSARD",11,"Canada","J4X 1S3",NULL
NULL,NULL,153,1,1,"home","905-525-9140 (W-AF)",NULL,NULL,"WINNIPEG",3,"Canada","R2X 0P2",NULL
NULL,NULL,154,1,1,"home","905-525-9140 (X-AF)",NULL,NULL,"HAMILTON",9,"Canada","L8L 4S8",NULL
NULL,NULL,155,1,1,"home","905-525-9140 (Y-AF)",NULL,NULL,"LLOYDMINSTER",12,"Canada","S9V 0S3",NULL
NULL,NULL,156,1,1,"home","905-525-9140 (Z-AF)",NULL,NULL,"MONTREAL",11,"Canada","H2C 2Z3",NULL
NULL,NULL,157,1,1,"home","905-525-9140 (A-AG)",NULL,NULL,"THETFORD MINES",11,"Canada","G6G 3N1",NULL
NULL,NULL,158,1,1,"home","905-525-9140 (B-AG)",NULL,NULL,"RED DEER",1,"Canada","T4N 5K9",NULL
NULL,NULL,159,1,1,"home","905-525-9140 (C-AG)",NULL,NULL,"BULLS CREEK",4,"Canada","E7N 0B1",NULL
NULL,NULL,160,1,1,"home","905-525-9140 (D-AG)",NULL,NULL,"KAPUSKASING",9,"Canada","P5N 2C4",NULL
NULL,NULL,161,1,1,"home","905-525-9140 (E-AG)",NULL,NULL,"GLACE BAY",7,"Canada","B1A 5Z2",NULL
NULL,NULL,162,1,1,"home","905-525-9140 (F-AG)",NULL,NULL,"SAINT JOHN",4,"Canada","E2M 2J8",NULL
NULL,NULL,163,1,1,"home","905-525-9140 (G-AG)",NULL,NULL,"GUELPH",9,"Canada","N1H 4N9",NULL
NULL,NULL,164,1,1,"home","905-525-9140 (H-AG)",NULL,NULL,"HAMILTON",9,"Canada","L8M 1S6",NULL
NULL,NULL,165,1,1,"home","905-525-9140 (I-AG)",NULL,NULL,"CALGARY",1,"Canada","T2W 1Y3",NULL
NULL,NULL,166,1,1,"home","905-525-9140 (J-AG)",NULL,NULL,"KAMLOOPS",2,"Canada","V2B 7Z9",NULL
NULL,NULL,167,1,1,"home","905-525-9140 (K-AG)",NULL,NULL,"UNIONVILLE",9,"Canada","L3R 2K6",NULL
NULL,NULL,168,1,1,"home","905-525-9140 (L-AG)",NULL,NULL,"SAINT JOHN",4,"Canada","E2M 3L8",NULL
NULL,NULL,169,1,1,"home","905-525-9140 (M-AG)",NULL,NULL,"SHERWOOD PARK",1,"Canada","T8A 4S1",NULL
NULL,NULL,170,1,1,"home","905-525-9140 (N-AG)",NULL,NULL,"LEVIS",11,"Canada","G6V 5W4",NULL
NULL,NULL,171,1,1,"home","905-525-9140 (O-AG)",NULL,NULL,"TERREBONNE",11,"Canada","J6W 5J3",NULL
NULL,NULL,172,1,1,"home","905-525-9140 (P-AG)",NULL,NULL,"VANCOUVER",2,"Canada","V6B 2K4",NULL
NULL,NULL,173,1,1,"home","905-525-9140 (Q-AG)",NULL,NULL,"PORT MORIEN",7,"Canada","B1B 1G8",NULL
NULL,NULL,174,1,1,"home","905-525-9140 (R-AG)",NULL,NULL,"MATTHEWS SETTLEMENT",4,"Canada","E9E 1V4",NULL
NULL,NULL,175,1,1,"home","905-525-9140 (S-AG)",NULL,NULL,"ORLEANS",9,"Canada","K1W 0C4",NULL
NULL,NULL,176,1,1,"home","905-525-9140 (T-AG)",NULL,NULL,"VANCOUVER",2,"Canada","V5M 2H3",NULL
NULL,NULL,177,1,1,"home","905-525-9140 (U-AG)",NULL,NULL,"LONDON",9,"Canada","N5Z 2M8",NULL
NULL,NULL,178,1,1,"home","905-525-9140 (V-AG)",NULL,NULL,"VICTORIA",2,"Canada","V8Z 2Z9",NULL
NULL,NULL,179,1,1,"home","905-525-9140 (W-AG)",NULL,NULL,"AJAX",9,"Canada","L1S 4A7",NULL
NULL,NULL,180,1,1,"home","905-525-9140 (X-AG)",NULL,NULL,"ETOBICOKE",9,"Canada","M8Y 2Y5",NULL
NULL,NULL,181,1,1,"home","905-525-9140 (Y-AG)",NULL,NULL,"CALGARY",1,"Canada","T2C 4R5",NULL
NULL,NULL,182,1,1,"home","905-525-9140 (Z-AG)",NULL,NULL,"MONCTON",4,"Canada","E1C 9N7",NULL
NULL,NULL,183,1,1,"home","905-525-9140 (A-AH)",NULL,NULL,"OTTAWA",9,"Canada","K2C 0M5",NULL
NULL,NULL,184,1,1,"home","905-525-9140 (B-AH)",NULL,NULL,"YORKTON",12,"Canada","S3N 1J6",NULL
NULL,NULL,185,1,1,"home","905-525-9140 (C-AH)",NULL,NULL,"MISSISSAUGA",9,"Canada","L5N 3B8",NULL
NULL,NULL,186,1,1,"home","905-525-9140 (D-AH)",NULL,NULL,"MISSISSAUGA",9,"Canada","L4Z 3Y2",NULL
NULL,NULL,187,1,1,"home","905-525-9140 (E-AH)",NULL,NULL,"RICHMOND HILL",9,"Canada","L4C 2P6",NULL
NULL,NULL,188,1,1,"home","905-525-9140 (F-AH)",NULL,NULL,"EDMONTON",1,"Canada","T6P 1P8",NULL
NULL,NULL,189,1,1,"home","905-525-9140 (G-AH)",NULL,NULL,"SUMMERSIDE",10,"Canada","C1N 6J9",NULL
NULL,NULL,190,1,1,"home","905-525-9140 (H-AH)",NULL,NULL,"SASKATOON",12,"Canada","S7N 1N6",NULL
NULL,NULL,191,1,1,"home","905-525-9140 (I-AH)",NULL,NULL,"VANCOUVER",2,"Canada","V5S 2K3",NULL
NULL,NULL,192,1,1,"home","905-525-9140 (J-AH)",NULL,NULL,"MONTREAL-NORD",11,"Canada","H1H 2P6",NULL
NULL,NULL,193,1,1,"home","905-525-9140 (K-AH)",NULL,NULL,"EDMONTON",1,"Canada","T5G 1M8",NULL
NULL,NULL,194,1,1,"home","905-525-9140 (L-AH)",NULL,NULL,"KITCHENER",9,"Canada","N2A 3N9",NULL
NULL,NULL,195,1,1,"home","905-525-9140 (M-AH)",NULL,NULL,"MONTREAL",11,"Canada","H3S 2G4",NULL
NULL,NULL,196,1,1,"home","905-525-9140 (N-AH)",NULL,NULL,"OTTAWA",9,"Canada","K1K 1K5",NULL
NULL,NULL,197,1,1,"home","905-525-9140 (O-AH)",NULL,NULL,"WOODSTOCK",4,"Canada","E7M 1B3",NULL
NULL,NULL,198,1,1,"home","905-525-9140 (P-AH)",NULL,NULL,"MONTREAL-NORD",11,"Canada","H1G 6J9",NULL
NULL,NULL,199,1,1,"home","905-525-9140 (Q-AH)",NULL,NULL,"TORONTO",9,"Canada","M4L 3T9",NULL
NULL,NULL,200,1,1,"home","905-525-9140 (R-AH)",NULL,NULL,"LA MALBAIE",11,"Canada","G5A 0C5",NULL
NULL,NULL,201,1,1,"home","905-525-9140 (S-AH)",NULL,NULL,"MARKHAM",9,"Canada","L6C 0C5",NULL
NULL,NULL,202,1,1,"home","905-525-9140 (T-AH)",NULL,NULL,"DELTA",2,"Canada","V4E 1H3",NULL
NULL,NULL,203,1,1,"home","905-525-9140 (U-AH)",NULL,NULL,"PIERREFONDS",11,"Canada","H9J 4E2",NULL
NULL,NULL,204,1,1,"home","905-525-9140 (V-AH)",NULL,NULL,"MISSISSAUGA",9,"Canada","L5E 1T3",NULL
NULL,NULL,205,1,1,"home","905-525-9140 (W-AH)",NULL,NULL,"MONTREAL",11,"Canada","H4V 1W2",NULL
NULL,NULL,206,1,1,"home","905-525-9140 (X-AH)",NULL,NULL,"DRUMMONDVILLE",11,"Canada","J2B 8L2",NULL
NULL,NULL,207,1,1,"home","905-525-9140 (Y-AH)",NULL,NULL,"CALGARY",1,"Canada","T3H 1B1",NULL
NULL,NULL,208,1,1,"home","905-525-9140 (Z-AH)",NULL,NULL,"MONTREAL",11,"Canada","H3M 2B9",NULL
NULL,NULL,209,1,1,"home","905-525-9140 (A-AI)",NULL,NULL,"BRAMPTON",9,"Canada","L6T 2M7",NULL
NULL,NULL,210,1,1,"home","905-525-9140 (B-AI)",NULL,NULL,"MONTREAL",11,"Canada","H3T 1M8",NULL
NULL,NULL,211,1,1,"home","905-525-9140 (C-AI)",NULL,NULL,"BRIDGEWATER",7,"Canada","B4V 2W6",NULL
NULL,NULL,212,1,1,"home","905-525-9140 (D-AI)",NULL,NULL,"MONT-JOLI",11,"Canada","G5H 3P7",NULL
NULL,NULL,213,1,1,"home","905-525-9140 (E-AI)",NULL,NULL,"TORONTO",9,"Canada","M6R 2N3",NULL
NULL,NULL,214,1,1,"home","905-525-9140 (F-AI)",NULL,NULL,"LONDON",9,"Canada","N6H 3G9",NULL
NULL,NULL,215,1,1,"home","905-525-9140 (G-AI)",NULL,NULL,"EDMONTON",1,"Canada","T5A 4V9",NULL
NULL,NULL,216,1,1,"home","905-525-9140 (H-AI)",NULL,NULL,"NORTH YORK",9,"Canada","M6M 2M8",NULL
NULL,NULL,217,1,1,"home","905-525-9140 (I-AI)",NULL,NULL,"WEST VANCOUVER",2,"Canada","V7T 1M8",NULL
NULL,NULL,218,1,1,"home","905-525-9140 (J-AI)",NULL,NULL,"WINNIPEG",3,"Canada","R3N 1K2",NULL
NULL,NULL,219,1,1,"home","905-525-9140 (K-AI)",NULL,NULL,"WEST VANCOUVER",2,"Canada","V7V 4J9",NULL
NULL,NULL,220,1,1,"home","905-525-9140 (L-AI)",NULL,NULL,"COQUITLAM",2,"Canada","V3C 4K1",NULL
NULL,NULL,221,1,1,"home","905-525-9140 (M-AI)",NULL,NULL,"MONTMAGNY",11,"Canada","G5V 2E4",NULL
NULL,NULL,222,1,1,"home","905-525-9140 (N-AI)",NULL,NULL,"CHILLIWACK",2,"Canada","V2R 3Y2",NULL
NULL,NULL,223,1,1,"home","905-525-9140 (O-AI)",NULL,NULL,"DURHAM BRIDGE",4,"Canada","E6C 1J3",NULL
NULL,NULL,224,1,1,"home","905-525-9140 (P-AI)",NULL,NULL,"EDMONTON",1,"Canada","T6C 3K8",NULL
NULL,NULL,225,1,1,"home","905-525-9140 (Q-AI)",NULL,NULL,"CONCORD",9,"Canada","L4K 1C3",NULL
NULL,NULL,226,1,1,"home","905-525-9140 (R-AI)",NULL,NULL,"WINNIPEG",3,"Canada","R2C 4J2",NULL
NULL,NULL,227,1,1,"home","905-525-9140 (S-AI)",NULL,NULL,"OTTAWA",9,"Canada","K1N 1B9",NULL
NULL,NULL,228,1,1,"home","905-525-9140 (T-AI)",NULL,NULL,"KITCHENER",9,"Canada","N2N 2S9",NULL
NULL,NULL,229,1,1,"home","905-525-9140 (U-AI)",NULL,NULL,"TRENTON",9,"Canada","K8V 2P3",NULL
NULL,NULL,230,1,1,"home","905-525-9140 (V-AI)",NULL,NULL,"SAINT-HUBERT",11,"Canada","J3Y 6M5",NULL
NULL,NULL,231,1,1,"home","905-525-9140 (W-AI)",NULL,NULL,"CALGARY",1,"Canada","T2W 1T6",NULL
NULL,NULL,232,1,1,"home","905-525-9140 (X-AI)",NULL,NULL,"RENFREW",9,"Canada","K7V 3P8",NULL
NULL,NULL,233,1,1,"home","905-525-9140 (Y-AI)",NULL,NULL,"LETHBRIDGE",1,"Canada","T1K 0J3",NULL
NULL,NULL,234,1,1,"home","905-525-9140 (Z-AI)",NULL,NULL,"CONCORD",9,"Canada","L4K 1J4",NULL
NULL,NULL,235,1,1,"home","905-525-9140 (A-AJ)",NULL,NULL,"MONTREAL",11,"Canada","H1V 2V7",NULL
NULL,NULL,236,1,1,"home","905-525-9140 (B-AJ)",NULL,NULL,"BURNABY",2,"Canada","V5E 2T5",NULL
NULL,NULL,237,1,1,"home","905-525-9140 (C-AJ)",NULL,NULL,"SAINT-HUBERT",11,"Canada","J3Y 5E5",NULL
NULL,NULL,238,1,1,"home","905-525-9140 (D-AJ)",NULL,NULL,"DUNCAN",2,"Canada","V9L 3H2",NULL
NULL,NULL,239,1,1,"home","905-525-9140 (E-AJ)",NULL,NULL,"TORONTO",9,"Canada","M7Y 3L3",NULL
NULL,NULL,240,1,1,"home","905-525-9140 (F-AJ)",NULL,NULL,"SURREY",2,"Canada","V3S 7W5",NULL
NULL,NULL,241,1,1,"home","905-525-9140 (G-AJ)",NULL,NULL,"PIGEON HILL",4,"Canada","E8T 2T8",NULL
NULL,NULL,242,1,1,"home","905-525-9140 (H-AJ)",NULL,NULL,"KIRKLAND LAKE",9,"Canada","P2N 2X6",NULL
NULL,NULL,243,1,1,"home","905-525-9140 (I-AJ)",NULL,NULL,"PRINCEVILLE",11,"Canada","G6L 5N8",NULL
NULL,NULL,244,1,1,"home","905-525-9140 (J-AJ)",NULL,NULL,"MONTREAL",11,"Canada","H2A 3H2",NULL
NULL,NULL,245,1,1,"home","905-525-9140 (K-AJ)",NULL,NULL,"MONTREAL",11,"Canada","H4B 1P2",NULL
NULL,NULL,246,1,1,"home","905-525-9140 (L-AJ)",NULL,NULL,"MAPLE RIDGE",2,"Canada","V2W 0B2",NULL
NULL,NULL,247,1,1,"home","905-525-9140 (M-AJ)",NULL,NULL,"VERNON",2,"Canada","V1B 3N4",NULL
NULL,NULL,248,1,1,"home","905-525-9140 (N-AJ)",NULL,NULL,"TROIS-RIVIERES",11,"Canada","G9A 1M1",NULL
NULL,NULL,249,1,1,"home","905-525-9140 (O-AJ)",NULL,NULL,"GUELPH",9,"Canada","N1H 5Z8",NULL
NULL,NULL,250,1,1,"home","905-525-9140 (P-AJ)",NULL,NULL,"BROCKVILLE",9,"Canada","K6V 2E6",NULL
NULL,NULL,251,1,1,"home","905-525-9140 (Q-AJ)",NULL,NULL,"SAINT-JEAN-SUR-RICHELIEU",11,"Canada","J3B 7J9",NULL
NULL,NULL,252,1,1,"home","905-525-9140 (R-AJ)",NULL,NULL,"VERDUN",11,"Canada","H4G 1R7",NULL
NULL,NULL,253,1,1,"home","905-525-9140 (S-AJ)",NULL,NULL,"CAMBRIDGE",9,"Canada","N1T 2E7",NULL
NULL,NULL,254,1,1,"home","905-525-9140 (T-AJ)",NULL,NULL,"ABBOTSFORD",2,"Canada","V2S 8M2",NULL
NULL,NULL,255,1,1,"home","905-525-9140 (U-AJ)",NULL,NULL,"BRAMPTON",9,"Canada","L7A 0G6",NULL
NULL,NULL,256,1,1,"home","905-525-9140 (V-AJ)",NULL,NULL,"MONT-TREMBLANT",11,"Canada","J8E 2P9",NULL
NULL,NULL,257,1,1,"home","905-525-9140 (W-AJ)",NULL,NULL,"NORTH RIVER",7,"Canada","B6L 6B9",NULL
NULL,NULL,258,1,1,"home","905-525-9140 (X-AJ)",NULL,NULL,"SAINTE-JULIE",11,"Canada","J3E 1H5",NULL
NULL,NULL,259,1,1,"home","905-525-9140 (Y-AJ)",NULL,NULL,"CALGARY",1,"Canada","T2K 4M9",NULL
NULL,NULL,260,1,1,"home","905-525-9140 (Z-AJ)",NULL,NULL,"DARTMOUTH",7,"Canada","B2Y 2T5",NULL
NULL,NULL,261,1,1,"home","905-525-9140 (A-AK)",NULL,NULL,"REPENTIGNY",11,"Canada","J6A 2K4",NULL
NULL,NULL,262,1,1,"home","905-525-9140 (B-AK)",NULL,NULL,"WESTLOCK",1,"Canada","T7P 1W5",NULL
NULL,NULL,263,1,1,"home","905-525-9140 (C-AK)",NULL,NULL,"BURLINGTON",9,"Canada","L7R 2N5",NULL
NULL,NULL,264,1,1,"home","905-525-9140 (D-AK)",NULL,NULL,"SHERBROOKE",11,"Canada","J1H 2Z1",NULL
NULL,NULL,265,1,1,"home","905-525-9140 (E-AK)",NULL,NULL,"SAINT-BRUNO",11,"Canada","J3V 6M9",NULL
NULL,NULL,266,1,1,"home","905-525-9140 (F-AK)",NULL,NULL,"OTTAWA",9,"Canada","K1S 4R3",NULL
NULL,NULL,267,1,1,"home","905-525-9140 (G-AK)",NULL,NULL,"DARTMOUTH",7,"Canada","B2Y 4C8",NULL
NULL,NULL,268,1,1,"home","905-525-9140 (H-AK)",NULL,NULL,"SCARBOROUGH",9,"Canada","M1N 4B7",NULL
NULL,NULL,269,1,1,"home","905-525-9140 (I-AK)",NULL,NULL,"BRAMPTON",9,"Canada","L7A 0N9",NULL
NULL,NULL,270,1,1,"home","905-525-9140 (J-AK)",NULL,NULL,"HALIFAX",7,"Canada","B3M 3X7",NULL
NULL,NULL,271,1,1,"home","905-525-9140 (K-AK)",NULL,NULL,"LOGY BAY",5,"Canada","A1K 0E4",NULL
NULL,NULL,272,1,1,"home","905-525-9140 (L-AK)",NULL,NULL,"TORONTO",9,"Canada","M5P 2E6",NULL
NULL,NULL,273,1,1,"home","905-525-9140 (M-AK)",NULL,NULL,"DSL DE DRUMMOND",4,"Canada","E3Y 3S2",NULL
NULL,NULL,274,1,1,"home","905-525-9140 (N-AK)",NULL,NULL,"YELLOWKNIFE",6,"Canada","X1A 2R5",NULL
NULL,NULL,275,1,1,"home","905-525-9140 (O-AK)",NULL,NULL,"BRAMPTON",9,"Canada","L6Z 4A6",NULL
NULL,NULL,276,1,1,"home","905-525-9140 (P-AK)",NULL,NULL,"LANGLEY",2,"Canada","V2Z 2B6",NULL
NULL,NULL,277,1,1,"home","905-525-9140 (Q-AK)",NULL,NULL,"WINDSOR",9,"Canada","N9C 1J8",NULL
NULL,NULL,278,1,1,"home","905-525-9140 (R-AK)",NULL,NULL,"TERRASSE-VAUDREUIL",11,"Canada","J7V 5R9",NULL
NULL,NULL,279,1,1,"home","905-525-9140 (S-AK)",NULL,NULL,"WOODSTOCK",4,"Canada","E7M 1Y2",NULL
NULL,NULL,280,1,1,"home","905-525-9140 (T-AK)",NULL,NULL,"THOMPSON",3,"Canada","R8N 1W1",NULL
NULL,NULL,281,1,1,"home","905-525-9140 (U-AK)",NULL,NULL,"NORTH BAY",9,"Canada","P1B 9E4",NULL
NULL,NULL,282,1,1,"home","905-525-9140 (V-AK)",NULL,NULL,"GRANDE-DIGUE",4,"Canada","E4R 3S8",NULL
NULL,NULL,283,1,1,"home","905-525-9140 (W-AK)",NULL,NULL,"BURLINGTON",9,"Canada","L7R 2H4",NULL
NULL,NULL,284,1,1,"home","905-525-9140 (X-AK)",NULL,NULL,"BRIGHAM",11,"Canada","J2K 4N8",NULL
NULL,NULL,285,1,1,"home","905-525-9140 (Y-AK)",NULL,NULL,"OROMOCTO",4,"Canada","E2V 2P6",NULL
NULL,NULL,286,1,1,"home","905-525-9140 (Z-AK)",NULL,NULL,"NORTH BAY",9,"Canada","P1B 2M9",NULL
NULL,NULL,287,1,1,"home","905-525-9140 (A-AL)",NULL,NULL,"VANCOUVER",2,"Canada","V6P 1V6",NULL
NULL,NULL,288,1,1,"home","905-525-9140 (B-AL)",NULL,NULL,"LONDON",9,"Canada","N5Z 2K2",NULL
NULL,NULL,289,1,1,"home","905-525-9140 (C-AL)",NULL,NULL,"LA SARRE",11,"Canada","J9Z 1Y5",NULL
NULL,NULL,290,1,1,"home","905-525-9140 (D-AL)",NULL,NULL,"VICTORIA",2,"Canada","V8P 3E7",NULL
NULL,NULL,291,1,1,"home","905-525-9140 (E-AL)",NULL,NULL,"CONCEPTION BAY SOUTH",5,"Canada","A1X 7K4",NULL
NULL,NULL,292,1,1,"home","905-525-9140 (F-AL)",NULL,NULL,"VANCOUVER",2,"Canada","V5S 2T9",NULL
NULL,NULL,293,1,1,"home","905-525-9140 (G-AL)",NULL,NULL,"COBOURG",9,"Canada","K9A 3Z3",NULL
NULL,NULL,294,1,1,"home","905-525-9140 (H-AL)",NULL,NULL,"BARRIE",9,"Canada","L4M 6E5",NULL
NULL,NULL,295,1,1,"home","905-525-9140 (I-AL)",NULL,NULL,"MIRAMICHI",4,"Canada","E1N 3G9",NULL
NULL,NULL,296,1,1,"home","905-525-9140 (J-AL)",NULL,NULL,"ABBOTSFORD",2,"Canada","V2T 6Z4",NULL
NULL,NULL,297,1,1,"home","905-525-9140 (K-AL)",NULL,NULL,"TROY",7,"Canada","B9A 3R5",NULL
NULL,NULL,298,1,1,"home","905-525-9140 (L-AL)",NULL,NULL,"GODERICH",9,"Canada","N7A 1H6",NULL
NULL,NULL,299,1,1,"home","905-525-9140 (M-AL)",NULL,NULL,"VICTORIA",2,"Canada","V9C 1K5",NULL
NULL,NULL,300,1,1,"home","905-525-9140 (N-AL)",NULL,NULL,"CALGARY",1,"Canada","T2P 3R7",NULL
NULL,NULL,301,1,1,"home","905-525-9140 (O-AL)",NULL,NULL,"SASKATOON",12,"Canada","S7H 4W7",NULL
NULL,NULL,302,1,1,"home","905-525-9140 (P-AL)",NULL,NULL,"SHAWINIGAN-SUD",11,"Canada","G9P 3A3",NULL
NULL,NULL,303,1,1,"home","905-525-9140 (Q-AL)",NULL,NULL,"SAINT JOHN",4,"Canada","E2K 4J9",NULL
NULL,NULL,304,1,1,"home","905-525-9140 (R-AL)",NULL,NULL,"COURTICE",9,"Canada","L1E 1C7",NULL
NULL,NULL,305,1,1,"home","905-525-9140 (S-AL)",NULL,NULL,"EDMONTON",1,"Canada","T6E 5T8",NULL
NULL,NULL,306,1,1,"home","905-525-9140 (T-AL)",NULL,NULL,"VICTORIA",2,"Canada","V9E 2A8",NULL
NULL,NULL,307,1,1,"home","905-525-9140 (U-AL)",NULL,NULL,"SAINT-GEORGES",11,"Canada","G5Y 5P1",NULL
NULL,NULL,308,1,1,"home","905-525-9140 (V-AL)",NULL,NULL,"BURLINGTON",9,"Canada","L7P 4X9",NULL
NULL,NULL,309,1,1,"home","905-525-9140 (W-AL)",NULL,NULL,"ETOBICOKE",9,"Canada","M9A 5H1",NULL
NULL,NULL,310,1,1,"home","905-525-9140 (X-AL)",NULL,NULL,"LONDON",9,"Canada","N6K 0B2",NULL
NULL,NULL,311,1,1,"home","905-525-9140 (Y-AL)",NULL,NULL,"GRAND-BARACHOIS",4,"Canada","E4P 8J7",NULL
NULL,NULL,312,1,1,"home","905-525-9140 (Z-AL)",NULL,NULL,"VICTORIA",2,"Canada","V8S 5A3",NULL
NULL,NULL,313,1,1,"home","905-525-9140 (A-AM)",NULL,NULL,"GEORGETOWN",9,"Canada","L7G 4P9",NULL
NULL,NULL,314,1,1,"home","905-525-9140 (B-AM)",NULL,NULL,"EDMONTON",1,"Canada","T6C 4R2",NULL
NULL,NULL,315,1,1,"home","905-525-9140 (C-AM)",NULL,NULL,"BURLINGTON",9,"Canada","L7P 4Y8",NULL
NULL,NULL,316,1,1,"home","905-525-9140 (D-AM)",NULL,NULL,"ST CATHARINES",9,"Canada","L2R 4S8",NULL
NULL,NULL,317,1,1,"home","905-525-9140 (E-AM)",NULL,NULL,"NORTH YORK",9,"Canada","M2J 1J4",NULL
NULL,NULL,318,1,1,"home","905-525-9140 (F-AM)",NULL,NULL,"DELTA",2,"Canada","V4M 2S5",NULL
NULL,NULL,319,1,1,"home","905-525-9140 (G-AM)",NULL,NULL,"MISSISSAUGA",9,"Canada","L5W 1A4",NULL
NULL,NULL,320,1,1,"home","905-525-9140 (H-AM)",NULL,NULL,"NORTH YORK",9,"Canada","M2J 4M5",NULL
NULL,NULL,321,1,1,"home","905-525-9140 (I-AM)",NULL,NULL,"MARKHAM",9,"Canada","L6C 2M2",NULL
NULL,NULL,322,1,1,"home","905-525-9140 (J-AM)",NULL,NULL,"EDMONTON",1,"Canada","T6M 2Y6",NULL
NULL,NULL,323,1,1,"home","905-525-9140 (K-AM)",NULL,NULL,"JONQUIERE",11,"Canada","G7S 5R9",NULL
NULL,NULL,324,1,1,"home","905-525-9140 (L-AM)",NULL,NULL,"THETFORD MINES",11,"Canada","G6G 5K4",NULL
NULL,NULL,325,1,1,"home","905-525-9140 (M-AM)",NULL,NULL,"DELSON",11,"Canada","J5B 1E9",NULL
NULL,NULL,326,1,1,"home","905-525-9140 (N-AM)",NULL,NULL,"TORONTO",9,"Canada","M4W 2B1",NULL
NULL,NULL,327,1,1,"home","905-525-9140 (O-AM)",NULL,NULL,"MONTREAL",11,"Canada","H1K 0G9",NULL
NULL,NULL,328,1,1,"home","905-525-9140 (P-AM)",NULL,NULL,"TERREBONNE",11,"Canada","J6X 4K6",NULL
NULL,NULL,329,1,1,"home","905-525-9140 (Q-AM)",NULL,NULL,"QUEBEC",11,"Canada","G1E 7A4",NULL
NULL,NULL,330,1,1,"home","905-525-9140 (R-AM)",NULL,NULL,"TORONTO",9,"Canada","M6G 2P1",NULL
NULL,NULL,331,1,1,"home","905-525-9140 (S-AM)",NULL,NULL,"QUEBEC",11,"Canada","G1G 3R8",NULL
NULL,NULL,332,1,1,"home","905-525-9140 (T-AM)",NULL,NULL,"BEAVER COVE",7,"Canada","B1T 1R4",NULL
NULL,NULL,333,1,1,"home","905-525-9140 (U-AM)",NULL,NULL,"GATINEAU",11,"Canada","J8Y 6B1",NULL
NULL,NULL,334,1,1,"home","905-525-9140 (V-AM)",NULL,NULL,"ALBANEL",11,"Canada","G8M 3P9",NULL
NULL,NULL,335,1,1,"home","905-525-9140 (W-AM)",NULL,NULL,"BRANDON",3,"Canada","R7C 1B6",NULL
NULL,NULL,336,1,1,"home","905-525-9140 (X-AM)",NULL,NULL,"SAINT-BRUNO",11,"Canada","J3V 2V4",NULL
NULL,NULL,337,1,1,"home","905-525-9140 (Y-AM)",NULL,NULL,"MISSISSAUGA",9,"Canada","L5A 3L5",NULL
NULL,NULL,338,1,1,"home","905-525-9140 (Z-AM)",NULL,NULL,"DARTMOUTH",7,"Canada","B2W 6E4",NULL
NULL,NULL,339,1,1,"home","905-525-9140 (A-AN)",NULL,NULL,"MONTMAGNY",11,"Canada","G5V 4R9",NULL
NULL,NULL,340,1,1,"home","905-525-9140 (B-AN)",NULL,NULL,"REGINA",12,"Canada","S4S 1B4",NULL
NULL,NULL,341,1,1,"home","905-525-9140 (C-AN)",NULL,NULL,"VANCOUVER",2,"Canada","V5K 5A6",NULL
NULL,NULL,342,1,1,"home","905-525-9140 (D-AN)",NULL,NULL,"EDMONTON",1,"Canada","T5W 1S5",NULL
NULL,NULL,343,1,1,"home","905-525-9140 (E-AN)",NULL,NULL,"SASKATOON",12,"Canada","S7K 4J5",NULL
NULL,NULL,344,1,1,"home","905-525-9140 (F-AN)",NULL,NULL,"OAKVILLE",9,"Canada","L6H 3H7",NULL
NULL,NULL,345,1,1,"home","905-525-9140 (G-AN)",NULL,NULL,"SAINT-JEAN-SUR-RICHELIEU",11,"Canada","J3B 1B1",NULL
NULL,NULL,346,1,1,"home","905-525-9140 (H-AN)",NULL,NULL,"GRANDE PRAIRIE",1,"Canada","T8V 8G8",NULL
NULL,NULL,347,1,1,"home","905-525-9140 (I-AN)",NULL,NULL,"EDMONTON",1,"Canada","T5H 2W7",NULL
NULL,NULL,348,1,1,"home","905-525-9140 (J-AN)",NULL,NULL,"MONTREAL",11,"Canada","H2H 1L2",NULL
NULL,NULL,349,1,1,"home","905-525-9140 (K-AN)",NULL,NULL,"GRAND-BARACHOIS",4,"Canada","E4P 8A8",NULL
NULL,NULL,350,1,1,"home","905-525-9140 (L-AN)",NULL,NULL,"RICHELIEU",11,"Canada","J3L 3Y7",NULL
NULL,NULL,351,1,1,"home","905-525-9140 (M-AN)",NULL,NULL,"SYDNEY",7,"Canada","B1P 6P5",NULL
NULL,NULL,352,1,1,"home","905-525-9140 (N-AN)",NULL,NULL,"NORTH YORK",9,"Canada","M2M 4A2",NULL
NULL,NULL,353,1,1,"home","905-525-9140 (O-AN)",NULL,NULL,"NORTH YORK",9,"Canada","M3A 2P4",NULL
NULL,NULL,354,1,1,"home","905-525-9140 (P-AN)",NULL,NULL,"EDMONTON",1,"Canada","T5P 3R3",NULL
NULL,NULL,355,1,1,"home","905-525-9140 (Q-AN)",NULL,NULL,"SALT SPRING ISLAND",2,"Canada","V8K 2G4",NULL
NULL,NULL,356,1,1,"home","905-525-9140 (R-AN)",NULL,NULL,"CHAPAIS",11,"Canada","G0W 1H0",NULL
NULL,NULL,357,1,1,"home","905-525-9140 (S-AN)",NULL,NULL,"SAINTE-JULIE",11,"Canada","J3E 1M9",NULL
NULL,NULL,358,1,1,"home","905-525-9140 (T-AN)",NULL,NULL,"BELOEIL",11,"Canada","J3G 6K5",NULL
NULL,NULL,359,1,1,"home","905-525-9140 (U-AN)",NULL,NULL,"KITCHENER",9,"Canada","N2N 1C8",NULL
NULL,NULL,360,1,1,"home","905-525-9140 (V-AN)",NULL,NULL,"MONTREAL",11,"Canada","H1N 2K1",NULL
NULL,NULL,361,1,1,"home","905-525-9140 (W-AN)",NULL,NULL,"SAINT-JEAN-SUR-RICHELIEU",11,"Canada","J2W 2H7",NULL
NULL,NULL,362,1,1,"home","905-525-9140 (X-AN)",NULL,NULL,"DURBAN",3,"Canada","R0L 0P0",NULL
NULL,NULL,363,1,1,"home","905-525-9140 (Y-AN)",NULL,NULL,"SASKATOON",12,"Canada","S7H 5J3",NULL
NULL,NULL,364,1,1,"home","905-525-9140 (Z-AN)",NULL,NULL,"SAINT-GEORGES",11,"Canada","G5Y 4A1",NULL
NULL,NULL,365,1,1,"home","905-525-9140 (A-AO)",NULL,NULL,"MONTREAL",11,"Canada","H3C 5W2",NULL
NULL,NULL,366,1,1,"home","905-525-9140 (B-AO)",NULL,NULL,"LONDON",9,"Canada","N5W 3Y9",NULL
NULL,NULL,367,1,1,"home","905-525-9140 (C-AO)",NULL,NULL,"QUISPAMSIS",4,"Canada","E2E 4X2",NULL
NULL,NULL,368,1,1,"home","905-525-9140 (D-AO)",NULL,NULL,"OAKVILLE",9,"Canada","L6H 7J9",NULL
NULL,NULL,369,1,1,"home","905-525-9140 (E-AO)",NULL,NULL,"KIRKLAND",11,"Canada","H9H 3B6",NULL
NULL,NULL,370,1,1,"home","905-525-9140 (F-AO)",NULL,NULL,"MONTREAL",11,"Canada","H4A 2M3",NULL
NULL,NULL,371,1,1,"home","905-525-9140 (G-AO)",NULL,NULL,"WILLIAMS LAKE",2,"Canada","V2G 1V7",NULL
NULL,NULL,372,1,1,"home","905-525-9140 (H-AO)",NULL,NULL,"WINNIPEG",3,"Canada","R2V 3Z8",NULL
NULL,NULL,373,1,1,"home","905-525-9140 (I-AO)",NULL,NULL,"ST CATHARINES",9,"Canada","L2N 3J1",NULL
NULL,NULL,374,1,1,"home","905-525-9140 (J-AO)",NULL,NULL,"UNIONVILLE",9,"Canada","L3R 0R1",NULL
NULL,NULL,375,1,1,"home","905-525-9140 (K-AO)",NULL,NULL,"KANATA",9,"Canada","K2L 1Z6",NULL
NULL,NULL,376,1,1,"home","905-525-9140 (L-AO)",NULL,NULL,"LA SARRE",11,"Canada","J9Z 3N1",NULL
NULL,NULL,377,1,1,"home","905-525-9140 (M-AO)",NULL,NULL,"ANCASTER",9,"Canada","L9K 1R2",NULL
NULL,NULL,378,1,1,"home","905-525-9140 (N-AO)",NULL,NULL,"MISSISSAUGA",9,"Canada","L5H 3Z3",NULL
NULL,NULL,379,1,1,"home","905-525-9140 (O-AO)",NULL,NULL,"THUNDER BAY",9,"Canada","P7E 2T1",NULL
NULL,NULL,380,1,1,"home","905-525-9140 (P-AO)",NULL,NULL,"ALBERT BRIDGE",7,"Canada","B1K 3A6",NULL
NULL,NULL,381,1,1,"home","905-525-9140 (Q-AO)",NULL,NULL,"VANCOUVER",2,"Canada","V5W 2E9",NULL
NULL,NULL,382,1,1,"home","905-525-9140 (R-AO)",NULL,NULL,"GRANDE PRAIRIE",1,"Canada","T8V 0H8",NULL
NULL,NULL,383,1,1,"home","905-525-9140 (S-AO)",NULL,NULL,"LAVAL",11,"Canada","H7M 3X1",NULL
NULL,NULL,384,1,1,"home","905-525-9140 (T-AO)",NULL,NULL,"SUMMERFIELD KINGS CO",4,"Canada","E4G 1M9",NULL
NULL,NULL,385,1,1,"home","905-525-9140 (U-AO)",NULL,NULL,"SHERWOOD PARK",1,"Canada","T8A 3J9",NULL
NULL,NULL,386,1,1,"home","905-525-9140 (V-AO)",NULL,NULL,"OWEN SOUND",9,"Canada","N4K 5B7",NULL
NULL,NULL,387,1,1,"home","905-525-9140 (W-AO)",NULL,NULL,"LAVAL",11,"Canada","H7X 2X4",NULL
NULL,NULL,388,1,1,"home","905-525-9140 (X-AO)",NULL,NULL,"PORT ALBERNI",2,"Canada","V9Y 8R8",NULL
NULL,NULL,389,1,1,"home","905-525-9140 (Y-AO)",NULL,NULL,"WELDON",4,"Canada","E4H 4P3",NULL
NULL,NULL,390,1,1,"home","905-525-9140 (Z-AO)",NULL,NULL,"QUEBEC",11,"Canada","G1H 6M3",NULL
NULL,NULL,391,1,1,"home","905-525-9140 (A-AP)",NULL,NULL,"WINNIPEG",3,"Canada","R3P 0B9",NULL
NULL,NULL,392,1,1,"home","905-525-9140 (B-AP)",NULL,NULL,"LAVAL",11,"Canada","H7V 2B5",NULL
NULL,NULL,393,1,1,"home","905-525-9140 (C-AP)",NULL,NULL,"LAVAL",11,"Canada","H7A 1V5",NULL
NULL,NULL,394,1,1,"home","905-525-9140 (D-AP)",NULL,NULL,"BRAMPTON",9,"Canada","L6Z 4N1",NULL
NULL,NULL,395,1,1,"home","905-525-9140 (E-AP)",NULL,NULL,"EAST YORK",9,"Canada","M4B 1R8",NULL
NULL,NULL,396,1,1,"home","905-525-9140 (F-AP)",NULL,NULL,"BRAMPTON",9,"Canada","L6Z 3H3",NULL
NULL,NULL,397,1,1,"home","905-525-9140 (G-AP)",NULL,NULL,"GRANBY",11,"Canada","J2H 2Y8",NULL
NULL,NULL,398,1,1,"home","905-525-9140 (H-AP)",NULL,NULL,"RICHMOND HILL",9,"Canada","L4C 7C1",NULL
NULL,NULL,399,1,1,"home","905-525-9140 (I-AP)",NULL,NULL,"LAC-MEGANTIC",11,"Canada","G6B 3E9",NULL
NULL,NULL,400,1,1,"home","905-525-9140 (J-AP)",NULL,NULL,"GRAND NARROWS",7,"Canada","B1T 1E3",NULL
NULL,NULL,401,1,1,"home","905-525-9140 (K-AP)",NULL,NULL,"BOUCHERVILLE",11,"Canada","J4B 1A4",NULL
NULL,NULL,402,1,1,"home","905-525-9140 (L-AP)",NULL,NULL,"BALMORAL",4,"Canada","E8E 1G6",NULL
NULL,NULL,403,1,1,"home","905-525-9140 (M-AP)",NULL,NULL,"LANGLEY",2,"Canada","V1M 3H8",NULL
NULL,NULL,404,1,1,"home","905-525-9140 (N-AP)",NULL,NULL,"PRINCEVILLE",11,"Canada","G6L 3Y4",NULL
NULL,NULL,405,1,1,"home","905-525-9140 (O-AP)",NULL,NULL,"CAMROSE",1,"Canada","T4V 3C1",NULL
NULL,NULL,406,1,1,"home","905-525-9140 (P-AP)",NULL,NULL,"LASALLE",11,"Canada","H8N 1E1",NULL
NULL,NULL,407,1,1,"home","905-525-9140 (Q-AP)",NULL,NULL,"BROSSARD",11,"Canada","J4Z 1V1",NULL
NULL,NULL,408,1,1,"home","905-525-9140 (R-AP)",NULL,NULL,"SCARBOROUGH",9,"Canada","M1C 2N6",NULL
NULL,NULL,409,1,1,"home","905-525-9140 (S-AP)",NULL,NULL,"CHICOUTIMI",11,"Canada","G7J 2R2",NULL
NULL,NULL,410,1,1,"home","905-525-9140 (T-AP)",NULL,NULL,"MONTREAL",11,"Canada","H2R 2L2",NULL
NULL,NULL,411,1,1,"home","905-525-9140 (U-AP)",NULL,NULL,"SHIPSHAW",11,"Canada","G7P 1V4",NULL
NULL,NULL,412,1,1,"home","905-525-9140 (V-AP)",NULL,NULL,"LONDON",9,"Canada","N6J 4G4",NULL
NULL,NULL,413,1,1,"home","905-525-9140 (W-AP)",NULL,NULL,"SEPT-ILES",11,"Canada","G4R 2M1",NULL
NULL,NULL,414,1,1,"home","905-525-9140 (X-AP)",NULL,NULL,"CALGARY",1,"Canada","T2S 2S2",NULL
NULL,NULL,415,1,1,"home","905-525-9140 (Y-AP)",NULL,NULL,"MISSISSAUGA",9,"Canada","L5H 1P2",NULL
NULL,NULL,416,1,1,"home","905-525-9140 (Z-AP)",NULL,NULL,"WINDSOR",9,"Canada","N8N 3E7",NULL
NULL,NULL,417,1,1,"home","905-525-9140 (A-AQ)",NULL,NULL,"NORTH VANCOUVER",2,"Canada","V7R 3Z8",NULL
NULL,NULL,418,1,1,"home","905-525-9140 (B-AQ)",NULL,NULL,"GATINEAU",11,"Canada","J8X 1G6",NULL
NULL,NULL,419,1,1,"home","905-525-9140 (C-AQ)",NULL,NULL,"RICHMOND",2,"Canada","V6W 1J6",NULL
NULL,NULL,420,1,1,"home","905-525-9140 (D-AQ)",NULL,NULL,"CARIGNAN",11,"Canada","J3L 4J7",NULL
NULL,NULL,421,1,1,"home","905-525-9140 (E-AQ)",NULL,NULL,"SUMMERSIDE",10,"Canada","C1N 3E8",NULL
NULL,NULL,422,1,1,"home","905-525-9140 (F-AQ)",NULL,NULL,"OSHAWA",9,"Canada","L1H 3C6",NULL
NULL,NULL,423,1,1,"home","905-525-9140 (G-AQ)",NULL,NULL,"WINNIPEG",3,"Canada","R2M 4S2",NULL
NULL,NULL,424,1,1,"home","905-525-9140 (H-AQ)",NULL,NULL,"DARTMOUTH",7,"Canada","B2V 1V6",NULL
NULL,NULL,425,1,1,"home","905-525-9140 (I-AQ)",NULL,NULL,"SAINT-HUBERT",11,"Canada","J3Y 0A2",NULL
NULL,NULL,426,1,1,"home","905-525-9140 (J-AQ)",NULL,NULL,"LAVAL",11,"Canada","H7P 2P8",NULL
NULL,NULL,427,1,1,"home","905-525-9140 (K-AQ)",NULL,NULL,"RICHMOND HILL",9,"Canada","L4C 8V5",NULL
NULL,NULL,428,1,1,"home","905-525-9140 (L-AQ)",NULL,NULL,"SCARBOROUGH",9,"Canada","M1E 2N7",NULL
NULL,NULL,429,1,1,"home","905-525-9140 (M-AQ)",NULL,NULL,"LA BAIE",11,"Canada","G7B 4E4",NULL
NULL,NULL,430,1,1,"home","905-525-9140 (N-AQ)",NULL,NULL,"SAINT-LAURENT",11,"Canada","H4L 5P5",NULL
NULL,NULL,431,1,1,"home","905-525-9140 (O-AQ)",NULL,NULL,"SURREY",2,"Canada","V3W 1P7",NULL
NULL,NULL,432,1,1,"home","905-525-9140 (P-AQ)",NULL,NULL,"VERNON",2,"Canada","V1T 4H4",NULL
NULL,NULL,433,1,1,"home","905-525-9140 (Q-AQ)",NULL,NULL,"CRANBROOK",2,"Canada","V1C 4Y1",NULL
NULL,NULL,434,1,1,"home","905-525-9140 (R-AQ)",NULL,NULL,"ORLEANS",9,"Canada","K4A 4P5",NULL
NULL,NULL,435,1,1,"home","905-525-9140 (S-AQ)",NULL,NULL,"KINGSVILLE",9,"Canada","N9Y 1N4",NULL
NULL,NULL,436,1,1,"home","905-525-9140 (T-AQ)",NULL,NULL,"BAIE-COMEAU",11,"Canada","G4Z 1R2",NULL
NULL,NULL,437,1,1,"home","905-525-9140 (U-AQ)",NULL,NULL,"CHILLIWACK",2,"Canada","V2R 4L4",NULL
NULL,NULL,438,1,1,"home","905-525-9140 (V-AQ)",NULL,NULL,"YORKTON",12,"Canada","S3N 0B1",NULL
NULL,NULL,439,1,1,"home","905-525-9140 (W-AQ)",NULL,NULL,"QUEBEC",11,"Canada","G2J 0B1",NULL
NULL,NULL,440,1,1,"home","905-525-9140 (X-AQ)",NULL,NULL,"LATERRIERE",11,"Canada","G7N 1H6",NULL
NULL,NULL,441,1,1,"home","905-525-9140 (Y-AQ)",NULL,NULL,"BOUCHERVILLE",11,"Canada","J4B 4E7",NULL
NULL,NULL,442,1,1,"home","905-525-9140 (Z-AQ)",NULL,NULL,"ETOBICOKE",9,"Canada","M9C 4Z6",NULL
NULL,NULL,443,1,1,"home","905-525-9140 (A-AR)",NULL,NULL,"TROIS-RIVIERES",11,"Canada","G8Y 1H3",NULL
NULL,NULL,444,1,1,"home","905-525-9140 (B-AR)",NULL,NULL,"AURORA",9,"Canada","L4G 1E9",NULL
NULL,NULL,445,1,1,"home","905-525-9140 (C-AR)",NULL,NULL,"SHERBROOKE",11,"Canada","J1G 3Z3",NULL
NULL,NULL,446,1,1,"home","905-525-9140 (D-AR)",NULL,NULL,"EDMONTON",1,"Canada","T5T 5K8",NULL
NULL,NULL,447,1,1,"home","905-525-9140 (E-AR)",NULL,NULL,"VICTORIA",2,"Canada","V8S 4M6",NULL
NULL,NULL,448,1,1,"home","905-525-9140 (F-AR)",NULL,NULL,"MONTREAL",11,"Canada","H2H 2H7",NULL
NULL,NULL,449,1,1,"home","905-525-9140 (G-AR)",NULL,NULL,"GRIMSBY",9,"Canada","L3M 3Z8",NULL
NULL,NULL,450,1,1,"home","905-525-9140 (H-AR)",NULL,NULL,"VILLE-MARIE",11,"Canada","J9V 1K8",NULL
NULL,NULL,451,1,1,"home","905-525-9140 (I-AR)",NULL,NULL,"PERTH-ANDOVER",4,"Canada","E7H 4K4",NULL
NULL,NULL,452,1,1,"home","905-525-9140 (J-AR)",NULL,NULL,"CAMBRIDGE",9,"Canada","N3H 3W8",NULL
NULL,NULL,453,1,1,"home","905-525-9140 (K-AR)",NULL,NULL,"MARION BRIDGE",7,"Canada","B1K 2H8",NULL
NULL,NULL,454,1,1,"home","905-525-9140 (L-AR)",NULL,NULL,"BOWMANVILLE",9,"Canada","L1C 2N3",NULL
NULL,NULL,455,1,1,"home","905-525-9140 (M-AR)",NULL,NULL,"SAINT-LAURENT",11,"Canada","H4R 1S5",NULL
NULL,NULL,456,1,1,"home","905-525-9140 (N-AR)",NULL,NULL,"HERRING NECK",5,"Canada","A0G 2R0",NULL
NULL,NULL,457,1,1,"home","905-525-9140 (O-AR)",NULL,NULL,"WALLACEBURG",9,"Canada","N8A 9K1",NULL
NULL,NULL,458,1,1,"home","905-525-9140 (P-AR)",NULL,NULL,"CAMBRIDGE",9,"Canada","N3H 1C6",NULL
NULL,NULL,459,1,1,"home","905-525-9140 (Q-AR)",NULL,NULL,"COLDSTREAM",2,"Canada","V1B 1B8",NULL
NULL,NULL,460,1,1,"home","905-525-9140 (R-AR)",NULL,NULL,"LONGUEUIL",11,"Canada","J4J 2P3",NULL
NULL,NULL,461,1,1,"home","905-525-9140 (S-AR)",NULL,NULL,"CATALONE GUT",7,"Canada","B1C 2C6",NULL
NULL,NULL,462,1,1,"home","905-525-9140 (T-AR)",NULL,NULL,"SUDBURY",9,"Canada","P3C 1C6",NULL
NULL,NULL,463,1,1,"home","905-525-9140 (U-AR)",NULL,NULL,"MONTREAL",11,"Canada","H3K 2T6",NULL
NULL,NULL,464,1,1,"home","905-525-9140 (V-AR)",NULL,NULL,"CALGARY",1,"Canada","T3M 1C3",NULL
NULL,NULL,465,1,1,"home","905-525-9140 (W-AR)",NULL,NULL,"ELGIN",4,"Canada","E4Z 1Z5",NULL
NULL,NULL,466,1,1,"home","905-525-9140 (X-AR)",NULL,NULL,"BELOEIL",11,"Canada","J3G 2X9",NULL
NULL,NULL,467,1,1,"home","905-525-9140 (Y-AR)",NULL,NULL,"CHARLEMAGNE",11,"Canada","J5Z 3E8",NULL
NULL,NULL,468,1,1,"home","905-525-9140 (Z-AR)",NULL,NULL,"VANCOUVER",2,"Canada","V5T 2W7",NULL
NULL,NULL,469,1,1,"home","905-525-9140 (A-AS)",NULL,NULL,"LACOMBE",1,"Canada","T4L 2B9",NULL
NULL,NULL,470,1,1,"home","905-525-9140 (B-AS)",NULL,NULL,"BURLINGTON",9,"Canada","L7L 2B9",NULL
NULL,NULL,471,1,1,"home","905-525-9140 (C-AS)",NULL,NULL,"VAUDREUIL-DORION",11,"Canada","J7V 1C3",NULL
NULL,NULL,472,1,1,"home","905-525-9140 (D-AS)",NULL,NULL,"ST. ALBERT",1,"Canada","T8N 1C3",NULL
NULL,NULL,473,1,1,"home","905-525-9140 (E-AS)",NULL,NULL,"THUNDER BAY",9,"Canada","P7E 4Y8",NULL
NULL,NULL,474,1,1,"home","905-525-9140 (F-AS)",NULL,NULL,"SAINT-CHARLES-DE-DRUMMOND",11,"Canada","J2C 1E3",NULL
NULL,NULL,475,1,1,"home","905-525-9140 (G-AS)",NULL,NULL,"SHERBROOKE",11,"Canada","J1M 0A2",NULL
NULL,NULL,476,1,1,"home","905-525-9140 (H-AS)",NULL,NULL,"KEDGWICK",4,"Canada","E8B 1N5",NULL
NULL,NULL,477,1,1,"home","905-525-9140 (I-AS)",NULL,NULL,"BURLINGTON",9,"Canada","L7P 1A7",NULL
NULL,NULL,478,1,1,"home","905-525-9140 (J-AS)",NULL,NULL,"MONTREAL",11,"Canada","H1L 4R4",NULL
NULL,NULL,479,1,1,"home","905-525-9140 (K-AS)",NULL,NULL,"LE GARDEUR",11,"Canada","J5Z 4P2",NULL
NULL,NULL,480,1,1,"home","905-525-9140 (L-AS)",NULL,NULL,"FORT SASKATCHEWAN",1,"Canada","T8L 2L6",NULL
NULL,NULL,481,1,1,"home","905-525-9140 (M-AS)",NULL,NULL,"OAKVILLE",9,"Canada","L6H 3N9",NULL
NULL,NULL,482,1,1,"home","905-525-9140 (N-AS)",NULL,NULL,"FORT MCMURRAY",1,"Canada","T9H 3W3",NULL
NULL,NULL,483,1,1,"home","905-525-9140 (O-AS)",NULL,NULL,"BOLTON",9,"Canada","L7E 1N3",NULL
NULL,NULL,484,1,1,"home","905-525-9140 (P-AS)",NULL,NULL,"NIAGARA FALLS",9,"Canada","L2G 7A1",NULL
NULL,NULL,485,1,1,"home","905-525-9140 (Q-AS)",NULL,NULL,"TORONTO",9,"Canada","M6P 1P2",NULL
NULL,NULL,486,1,1,"home","905-525-9140 (R-AS)",NULL,NULL,"TIMMINS",9,"Canada","P4N 3S3",NULL
NULL,NULL,487,1,1,"home","905-525-9140 (S-AS)",NULL,NULL,"EDMONTON",1,"Canada","T5C 2K1",NULL
NULL,NULL,488,1,1,"home","905-525-9140 (T-AS)",NULL,NULL,"RICHMOND",2,"Canada","V7E 2X9",NULL
NULL,NULL,489,1,1,"home","905-525-9140 (U-AS)",NULL,NULL,"KELOWNA",2,"Canada","V1Y 9L4",NULL
NULL,NULL,490,1,1,"home","905-525-9140 (V-AS)",NULL,NULL,"MANIWAKI",11,"Canada","J9E 2K1",NULL
NULL,NULL,491,1,1,"home","905-525-9140 (W-AS)",NULL,NULL,"KINGSTON",9,"Canada","K7K 5H2",NULL
NULL,NULL,492,1,1,"home","905-525-9140 (X-AS)",NULL,NULL,"QUEBEC",11,"Canada","G1M 4A4",NULL
NULL,NULL,493,1,1,"home","905-525-9140 (Y-AS)",NULL,NULL,"STE-CATHERINE-DE-LA-J-CARTIER",11,"Canada","G3N 2Z2",NULL
NULL,NULL,494,1,1,"home","905-525-9140 (Z-AS)",NULL,NULL,"QUEBEC",11,"Canada","G2B 4Y1",NULL
NULL,NULL,495,1,1,"home","905-525-9140 (A-AT)",NULL,NULL,"CALGARY",1,"Canada","T2A 7T8",NULL
NULL,NULL,496,1,1,"home","905-525-9140 (B-AT)",NULL,NULL,"CHATHAM",9,"Canada","N7M 2Z1",NULL
NULL,NULL,497,1,1,"home","905-525-9140 (C-AT)",NULL,NULL,"GRANBY",11,"Canada","J2J 1Y2",NULL
NULL,NULL,498,1,1,"home","905-525-9140 (D-AT)",NULL,NULL,"DORCHESTER CAPE",4,"Canada","E4K 3J4",NULL
NULL,NULL,499,1,1,"home","905-525-9140 (E-AT)",NULL,NULL,"GRAND-MERE",11,"Canada","G9T 3Y7",NULL
NULL,NULL,500,1,1,"home","905-525-9140 (F-AT)",NULL,NULL,"INNISFIL",9,"Canada","L9S 4K2",NULL
NULL,NULL,501,1,1,"home","905-525-9140 (G-AT)",NULL,NULL,"KIMBERLEY",2,"Canada","V1A 1Y1",NULL
NULL,NULL,502,1,1,"home","905-525-9140 (H-AT)",NULL,NULL,"BLAINVILLE",11,"Canada","J7C 3P1",NULL
NULL,NULL,503,1,1,"home","905-525-9140 (I-AT)",NULL,NULL,"GRANDE-DIGUE",4,"Canada","E4R 4E7",NULL
NULL,NULL,504,1,1,"home","905-525-9140 (J-AT)",NULL,NULL,"CHATHAM",9,"Canada","N7M 1B6",NULL
NULL,NULL,505,1,1,"home","905-525-9140 (K-AT)",NULL,NULL,"GREELY",9,"Canada","K4P 0E1",NULL
NULL,NULL,506,1,1,"home","905-525-9140 (L-AT)",NULL,NULL,"SASKATOON",12,"Canada","S7K 4R6",NULL
NULL,NULL,507,1,1,"home","905-525-9140 (M-AT)",NULL,NULL,"BURLINGTON",9,"Canada","L7N 3V3",NULL
NULL,NULL,508,1,1,"home","905-525-9140 (N-AT)",NULL,NULL,"CALGARY",1,"Canada","T2W 4J2",NULL
NULL,NULL,509,1,1,"home","905-525-9140 (O-AT)",NULL,NULL,"SAINT-LAURENT",11,"Canada","H4M 2X2",NULL
NULL,NULL,510,1,1,"home","905-525-9140 (P-AT)",NULL,NULL,"CALGARY",1,"Canada","T3E 4Y7",NULL
NULL,NULL,511,1,1,"home","905-525-9140 (Q-AT)",NULL,NULL,"CALGARY",1,"Canada","T2C 1V2",NULL
NULL,NULL,512,1,1,"home","905-525-9140 (R-AT)",NULL,NULL,"STRATFORD",9,"Canada","N5A 1J2",NULL
NULL,NULL,513,1,1,"home","905-525-9140 (S-AT)",NULL,NULL,"TROIS-RIVIERES",11,"Canada","G9B 1Y5",NULL
NULL,NULL,514,1,1,"home","905-525-9140 (T-AT)",NULL,NULL,"LASALLE",11,"Canada","H8N 1M7",NULL
NULL,NULL,515,1,1,"home","905-525-9140 (U-AT)",NULL,NULL,"NORTH YORK",9,"Canada","M2H 2S5",NULL
NULL,NULL,516,1,1,"home","905-525-9140 (V-AT)",NULL,NULL,"EDMONTON",1,"Canada","T5C 0S6",NULL
NULL,NULL,517,1,1,"home","905-525-9140 (W-AT)",NULL,NULL,"MIRAMICHI",4,"Canada","E1V 1T9",NULL
NULL,NULL,518,1,1,"home","905-525-9140 (X-AT)",NULL,NULL,"MILTON",9,"Canada","L9T 0X4",NULL
NULL,NULL,519,1,1,"home","905-525-9140 (Y-AT)",NULL,NULL,"NEW WATERFORD",7,"Canada","B1H 2N4",NULL
NULL,NULL,520,1,1,"home","905-525-9140 (Z-AT)",NULL,NULL,"TROIS-RIVIERES",11,"Canada","G9A 2G1",NULL
NULL,NULL,521,1,1,"home","905-525-9140 (A-AU)",NULL,NULL,"OTTAWA",9,"Canada","K2C 0H2",NULL
NULL,NULL,522,1,1,"home","905-525-9140 (B-AU)",NULL,NULL,"CALGARY",1,"Canada","T2Y 3C3",NULL
NULL,NULL,523,1,1,"home","905-525-9140 (C-AU)",NULL,NULL,"WINNIPEG",3,"Canada","R3W 1B7",NULL
NULL,NULL,524,1,1,"home","905-525-9140 (D-AU)",NULL,NULL,"NORTH BATTLEFORD",12,"Canada","S9A 2J5",NULL
NULL,NULL,525,1,1,"home","905-525-9140 (E-AU)",NULL,NULL,"BURLINGTON",9,"Canada","L7M 0A3",NULL
NULL,NULL,526,1,1,"home","905-525-9140 (F-AU)",NULL,NULL,"RANG-SAINT-GEORGES",4,"Canada","E8R 1K8",NULL
NULL,NULL,527,1,1,"home","905-525-9140 (G-AU)",NULL,NULL,"SASKATOON",12,"Canada","S7K 2N2",NULL
NULL,NULL,528,1,1,"home","905-525-9140 (H-AU)",NULL,NULL,"MONTREAL",11,"Canada","H3A 1A5",NULL
NULL,NULL,529,1,1,"home","905-525-9140 (I-AU)",NULL,NULL,"RICHMOND",2,"Canada","V7E 5L8",NULL
NULL,NULL,530,1,1,"home","905-525-9140 (J-AU)",NULL,NULL,"WHITBY",9,"Canada","L1R 1N3",NULL
NULL,NULL,531,1,1,"home","905-525-9140 (K-AU)",NULL,NULL,"CALGARY",1,"Canada","T2M 3Z9",NULL
NULL,NULL,532,1,1,"home","905-525-9140 (L-AU)",NULL,NULL,"DELTA",2,"Canada","V4E 1W8",NULL
NULL,NULL,533,1,1,"home","905-525-9140 (M-AU)",NULL,NULL,"BARRIE",9,"Canada","L4N 7R2",NULL
NULL,NULL,534,1,1,"home","905-525-9140 (N-AU)",NULL,NULL,"CLARENVILLE",5,"Canada","A5A 2B4",NULL
NULL,NULL,535,1,1,"home","905-525-9140 (O-AU)",NULL,NULL,"PETERBOROUGH",9,"Canada","K9H 1P5",NULL
NULL,NULL,536,1,1,"home","905-525-9140 (P-AU)",NULL,NULL,"TERREBONNE",11,"Canada","J6V 1K7",NULL
NULL,NULL,537,1,1,"home","905-525-9140 (Q-AU)",NULL,NULL,"CALGARY",1,"Canada","T2V 1V8",NULL
NULL,NULL,538,1,1,"home","905-525-9140 (R-AU)",NULL,NULL,"EDMONTON",1,"Canada","T6T 0B7",NULL
NULL,NULL,539,1,1,"home","905-525-9140 (S-AU)",NULL,NULL,"FORT ST. JOHN",2,"Canada","V1J 3K9",NULL
NULL,NULL,540,1,1,"home","905-525-9140 (T-AU)",NULL,NULL,"ACTON",9,"Canada","L7J 2Y7",NULL
NULL,NULL,541,1,1,"home","905-525-9140 (U-AU)",NULL,NULL,"FAIRFIELD",4,"Canada","E5R 1X8",NULL
NULL,NULL,542,1,1,"home","905-525-9140 (V-AU)",NULL,NULL,"BRANDON",3,"Canada","R7A 5H4",NULL
NULL,NULL,543,1,1,"home","905-525-9140 (W-AU)",NULL,NULL,"MISSISSAUGA",9,"Canada","L4W 3W6",NULL
NULL,NULL,544,1,1,"home","905-525-9140 (X-AU)",NULL,NULL,"SAINT JOHN",4,"Canada","E2L 1N2",NULL
NULL,NULL,545,1,1,"home","905-525-9140 (Y-AU)",NULL,NULL,"MISSISSAUGA",9,"Canada","L4V 1S6",NULL
NULL,NULL,546,1,1,"home","905-525-9140 (Z-AU)",NULL,NULL,"WINNIPEG",3,"Canada","R2W 3A1",NULL
NULL,NULL,547,1,1,"home","905-525-9140 (A-AV)",NULL,NULL,"MIRABEL",11,"Canada","J7J 1T6",NULL
NULL,NULL,548,1,1,"home","905-525-9140 (B-AV)",NULL,NULL,"VAUDREUIL-DORION",11,"Canada","J7V 0A6",NULL
NULL,NULL,549,1,1,"home","905-525-9140 (C-AV)",NULL,NULL,"PRINCE GEORGE",2,"Canada","V2L 5A9",NULL
NULL,NULL,550,1,1,"home","905-525-9140 (D-AV)",NULL,NULL,"OSHAWA",9,"Canada","L1J 5J9",NULL
NULL,NULL,551,1,1,"home","905-525-9140 (E-AV)",NULL,NULL,"SUMMERSIDE",10,"Canada","C1N 5R1",NULL
NULL,NULL,552,1,1,"home","905-525-9140 (F-AV)",NULL,NULL,"PARADISE",5,"Canada","A1L 2K6",NULL
NULL,NULL,553,1,1,"home","905-525-9140 (G-AV)",NULL,NULL,"CALIFORNIA SETTLEMENT",4,"Canada","E3Z 1X1",NULL
NULL,NULL,554,1,1,"home","905-525-9140 (H-AV)",NULL,NULL,"DORVAL",11,"Canada","H9S 1T3",NULL
NULL,NULL,555,1,1,"home","905-525-9140 (I-AV)",NULL,NULL,"MONCTON",4,"Canada","E1E 2L2",NULL
NULL,NULL,556,1,1,"home","905-525-9140 (J-AV)",NULL,NULL,"CALGARY",1,"Canada","T2H 2N8",NULL
NULL,NULL,557,1,1,"home","905-525-9140 (K-AV)",NULL,NULL,"LAVAL",11,"Canada","H7M 4M6",NULL
NULL,NULL,558,1,1,"home","905-525-9140 (L-AV)",NULL,NULL,"AURORA",9,"Canada","L4G 6Z4",NULL
NULL,NULL,559,1,1,"home","905-525-9140 (M-AV)",NULL,NULL,"HAMILTON",9,"Canada","L8L 1J1",NULL
NULL,NULL,560,1,1,"home","905-525-9140 (N-AV)",NULL,NULL,"SCARBOROUGH",9,"Canada","M1X 0A3",NULL
NULL,NULL,561,1,1,"home","905-525-9140 (O-AV)",NULL,NULL,"NEW WESTMINSTER",2,"Canada","V3L 1J5",NULL
NULL,NULL,562,1,1,"home","905-525-9140 (P-AV)",NULL,NULL,"VANCOUVER",2,"Canada","V6L 2J6",NULL
NULL,NULL,563,1,1,"home","905-525-9140 (Q-AV)",NULL,NULL,"SURREY",2,"Canada","V4A 6Z7",NULL
NULL,NULL,564,1,1,"home","905-525-9140 (R-AV)",NULL,NULL,"FREDERICTON",4,"Canada","E3B 4H5",NULL
NULL,NULL,565,1,1,"home","905-525-9140 (S-AV)",NULL,NULL,"BELLEVILLE",9,"Canada","K8N 1S4",NULL
NULL,NULL,566,1,1,"home","905-525-9140 (T-AV)",NULL,NULL,"ST CATHARINES",9,"Canada","L2T 2Z4",NULL
NULL,NULL,567,1,1,"home","905-525-9140 (U-AV)",NULL,NULL,"MISSION",2,"Canada","V2V 6L9",NULL
NULL,NULL,568,1,1,"home","905-525-9140 (V-AV)",NULL,NULL,"THUNDER BAY",9,"Canada","P7E 4X4",NULL
NULL,NULL,569,1,1,"home","905-525-9140 (W-AV)",NULL,NULL,"BURLINGTON",9,"Canada","L7M 3J3",NULL
NULL,NULL,570,1,1,"home","905-525-9140 (X-AV)",NULL,NULL,"LONDON",9,"Canada","N5X 3B4",NULL
NULL,NULL,571,1,1,"home","905-525-9140 (Y-AV)",NULL,NULL,"COQUITLAM",2,"Canada","V3K 2A1",NULL
NULL,NULL,572,1,1,"home","905-525-9140 (Z-AV)",NULL,NULL,"SPRUCE GROVE",1,"Canada","T7X 1X9",NULL
NULL,NULL,573,1,1,"home","905-525-9140 (A-AW)",NULL,NULL,"TORONTO",9,"Canada","M7Y 4W1",NULL
NULL,NULL,574,1,1,"home","905-525-9140 (B-AW)",NULL,NULL,"CALGARY",1,"Canada","T2G 5J3",NULL
NULL,NULL,575,1,1,"home","905-525-9140 (C-AW)",NULL,NULL,"RICHMOND HILL",9,"Canada","L4B 1G9",NULL
NULL,NULL,576,1,1,"home","905-525-9140 (D-AW)",NULL,NULL,"COMOX",2,"Canada","V9M 1M9",NULL
NULL,NULL,577,1,1,"home","905-525-9140 (E-AW)",NULL,NULL,"PONT-ROUGE",11,"Canada","G3H 2B8",NULL
NULL,NULL,578,1,1,"home","905-525-9140 (F-AW)",NULL,NULL,"ETOBICOKE",9,"Canada","M8X 2H7",NULL
NULL,NULL,579,1,1,"home","905-525-9140 (G-AW)",NULL,NULL,"PORT ALBERNI",2,"Canada","V9Y 3J4",NULL
NULL,NULL,580,1,1,"home","905-525-9140 (H-AW)",NULL,NULL,"WINNIPEG",3,"Canada","R2N 0C8",NULL
NULL,NULL,581,1,1,"home","905-525-9140 (I-AW)",NULL,NULL,"VICTORIA",2,"Canada","V8P 2V6",NULL
NULL,NULL,582,1,1,"home","905-525-9140 (J-AW)",NULL,NULL,"VICTORIA",2,"Canada","V8X 4P2",NULL
NULL,NULL,583,1,1,"home","905-525-9140 (K-AW)",NULL,NULL,"KAMLOOPS",2,"Canada","V2B 5P7",NULL
NULL,NULL,584,1,1,"home","905-525-9140 (L-AW)",NULL,NULL,"LONDON",9,"Canada","N6K 0A4",NULL
NULL,NULL,585,1,1,"home","905-525-9140 (M-AW)",NULL,NULL,"SEPT-ILES",11,"Canada","G4R 2M2",NULL
NULL,NULL,586,1,1,"home","905-525-9140 (N-AW)",NULL,NULL,"VANCOUVER",2,"Canada","V6A 4H2",NULL
NULL,NULL,587,1,1,"home","905-525-9140 (O-AW)",NULL,NULL,"WINNIPEG",3,"Canada","R2N 1N6",NULL
NULL,NULL,588,1,1,"home","905-525-9140 (P-AW)",NULL,NULL,"LAVAL",11,"Canada","H7W 3P5",NULL
NULL,NULL,589,1,1,"home","905-525-9140 (Q-AW)",NULL,NULL,"SCARBOROUGH",9,"Canada","M1C 3K3",NULL
NULL,NULL,590,1,1,"home","905-525-9140 (R-AW)",NULL,NULL,"CORNWALL",9,"Canada","K6H 5M3",NULL
NULL,NULL,591,1,1,"home","905-525-9140 (S-AW)",NULL,NULL,"WINDSOR",9,"Canada","N9E 2S8",NULL
NULL,NULL,592,1,1,"home","905-525-9140 (T-AW)",NULL,NULL,"CALGARY",1,"Canada","T2M 2J8",NULL
NULL,NULL,593,1,1,"home","905-525-9140 (U-AW)",NULL,NULL,"PETERBOROUGH",9,"Canada","K9J 5L5",NULL
NULL,NULL,594,1,1,"home","905-525-9140 (V-AW)",NULL,NULL,"SURREY",2,"Canada","V4A 7S9",NULL
NULL,NULL,595,1,1,"home","905-525-9140 (W-AW)",NULL,NULL,"MISSISSAUGA",9,"Canada","L4V 1B5",NULL
NULL,NULL,596,1,1,"home","905-525-9140 (X-AW)",NULL,NULL,"BEDFORD",7,"Canada","B4A 3B3",NULL
NULL,NULL,597,1,1,"home","905-525-9140 (Y-AW)",NULL,NULL,"BURNABY",2,"Canada","V5B 3P9",NULL
NULL,NULL,598,1,1,"home","905-525-9140 (Z-AW)",NULL,NULL,"KELOWNA",2,"Canada","V1X 6L7",NULL
NULL,NULL,599,1,1,"home","905-525-9140 (A-AX)",NULL,NULL,"CORNER BROOK",5,"Canada","A2H 4K6",NULL
NULL,NULL,600,1,1,"home","905-525-9140 (B-AX)",NULL,NULL,"HAMILTON",9,"Canada","L8V 4H9",NULL
NULL,NULL,601,1,1,"home","905-525-9140 (C-AX)",NULL,NULL,"WINDSOR",9,"Canada","N8P 1C6",NULL
NULL,NULL,602,1,1,"home","905-525-9140 (D-AX)",NULL,NULL,"WINNIPEG",3,"Canada","R2K 4C2",NULL
NULL,NULL,603,1,1,"home","905-525-9140 (E-AX)",NULL,NULL,"QUEBEC",11,"Canada","G2A 2B9",NULL
NULL,NULL,604,1,1,"home","905-525-9140 (F-AX)",NULL,NULL,"SAINT-EUSTACHE",11,"Canada","J7R 2T2",NULL
NULL,NULL,605,1,1,"home","905-525-9140 (G-AX)",NULL,NULL,"OTTAWA",9,"Canada","K1P 1C7",NULL
NULL,NULL,606,1,1,"home","905-525-9140 (H-AX)",NULL,NULL,"SAINT-JEAN-CHRYSOSTOME",11,"Canada","G6Z 1G3",NULL
NULL,NULL,607,1,1,"home","905-525-9140 (I-AX)",NULL,NULL,"DARTMOUTH",7,"Canada","B2X 1T9",NULL
NULL,NULL,608,1,1,"home","905-525-9140 (J-AX)",NULL,NULL,"VILLE-MARIE",11,"Canada","J9V 1Y9",NULL
NULL,NULL,609,1,1,"home","905-525-9140 (K-AX)",NULL,NULL,"POWELL RIVER",2,"Canada","V8A 3K1",NULL
NULL,NULL,610,1,1,"home","905-525-9140 (L-AX)",NULL,NULL,"ROSEMERE",11,"Canada","J7A 4R7",NULL
NULL,NULL,611,1,1,"home","905-525-9140 (M-AX)",NULL,NULL,"AJAX",9,"Canada","L1S 7R5",NULL
NULL,NULL,612,1,1,"home","905-525-9140 (N-AX)",NULL,NULL,"HAMILTON",9,"Canada","L9C 6B7",NULL
NULL,NULL,613,1,1,"home","905-525-9140 (O-AX)",NULL,NULL,"CHICOUTIMI",11,"Canada","G7H 5J7",NULL
NULL,NULL,614,1,1,"home","905-525-9140 (P-AX)",NULL,NULL,"TORONTO",9,"Canada","M4E 1H5",NULL
NULL,NULL,615,1,1,"home","905-525-9140 (Q-AX)",NULL,NULL,"BRANTFORD",9,"Canada","N3S 2P4",NULL
NULL,NULL,616,1,1,"home","905-525-9140 (R-AX)",NULL,NULL,"VAL-D'OR",11,"Canada","J9P 6L4",NULL
NULL,NULL,617,1,1,"home","905-525-9140 (S-AX)",NULL,NULL,"DRUMMONDVILLE",11,"Canada","J2B 0R2",NULL
NULL,NULL,618,1,1,"home","905-525-9140 (T-AX)",NULL,NULL,"POINTE-DU-CHENE",4,"Canada","E4P 4M3",NULL
NULL,NULL,619,1,1,"home","905-525-9140 (U-AX)",NULL,NULL,"SAINTE-JULIE",11,"Canada","J3E 1W5",NULL
NULL,NULL,620,1,1,"home","905-525-9140 (V-AX)",NULL,NULL,"FORT ERIE",9,"Canada","L2A 5W6",NULL
NULL,NULL,621,1,1,"home","905-525-9140 (W-AX)",NULL,NULL,"LAVAL",11,"Canada","H7R 3X1",NULL
NULL,NULL,622,1,1,"home","905-525-9140 (X-AX)",NULL,NULL,"CAMBRIDGE",9,"Canada","N3C 1M4",NULL
NULL,NULL,623,1,1,"home","905-525-9140 (Y-AX)",NULL,NULL,"MONTREAL",11,"Canada","H3M 1E6",NULL
NULL,NULL,624,1,1,"home","905-525-9140 (Z-AX)",NULL,NULL,"QUEBEC",11,"Canada","G1V 2Y6",NULL
NULL,NULL,625,1,1,"home","905-525-9140 (A-AY)",NULL,NULL,"TRENTON",9,"Canada","K8V 5X3",NULL
NULL,NULL,626,1,1,"home","905-525-9140 (B-AY)",NULL,NULL,"ORILLIA",9,"Canada","L3V 6E6",NULL
NULL,NULL,627,1,1,"home","905-525-9140 (C-AY)",NULL,NULL,"MONTREAL",11,"Canada","H4A 1S5",NULL
NULL,NULL,628,1,1,"home","905-525-9140 (D-AY)",NULL,NULL,"NEPEAN",9,"Canada","K2E 7J3",NULL
NULL,NULL,629,1,1,"home","905-525-9140 (E-AY)",NULL,NULL,"WINDSOR",9,"Canada","N8T 2V5",NULL
NULL,NULL,630,1,1,"home","905-525-9140 (F-AY)",NULL,NULL,"TORONTO",9,"Canada","M4J 1R4",NULL
NULL,NULL,631,1,1,"home","905-525-9140 (G-AY)",NULL,NULL,"TROIS-RIVIERES",11,"Canada","G8T 6T8",NULL
NULL,NULL,632,1,1,"home","905-525-9140 (H-AY)",NULL,NULL,"MATANE",11,"Canada","G4W 3R3",NULL
NULL,NULL,633,1,1,"home","905-525-9140 (I-AY)",NULL,NULL,"RED DEER",1,"Canada","T4N 1R5",NULL
NULL,NULL,634,1,1,"home","905-525-9140 (J-AY)",NULL,NULL,"SURREY",2,"Canada","V4N 3X6",NULL
NULL,NULL,635,1,1,"home","905-525-9140 (K-AY)",NULL,NULL,"NANAIMO",2,"Canada","V9S 1R7",NULL
NULL,NULL,636,1,1,"home","905-525-9140 (L-AY)",NULL,NULL,"MONTREAL",11,"Canada","H3L 2X5",NULL
NULL,NULL,637,1,1,"home","905-525-9140 (M-AY)",NULL,NULL,"COQUITLAM",2,"Canada","V3J 2J5",NULL
NULL,NULL,638,1,1,"home","905-525-9140 (N-AY)",NULL,NULL,"SHERWOOD PARK",1,"Canada","T8A 0L2",NULL
NULL,NULL,639,1,1,"home","905-525-9140 (O-AY)",NULL,NULL,"NORTH YORK",9,"Canada","M9N 2S3",NULL
NULL,NULL,640,1,1,"home","905-525-9140 (P-AY)",NULL,NULL,"OTTAWA",9,"Canada","K1S 1H3",NULL
NULL,NULL,641,1,1,"home","905-525-9140 (Q-AY)",NULL,NULL,"SAINT-HYACINTHE",11,"Canada","J2T 3E9",NULL
NULL,NULL,642,1,1,"home","905-525-9140 (R-AY)",NULL,NULL,"GREENFIELD PARK",11,"Canada","J4V 2X3",NULL
NULL,NULL,643,1,1,"home","905-525-9140 (S-AY)",NULL,NULL,"MONTREAL",11,"Canada","H1E 2R4",NULL
NULL,NULL,644,1,1,"home","905-525-9140 (T-AY)",NULL,NULL,"BURLINGTON",9,"Canada","L7L 7P6",NULL
NULL,NULL,645,1,1,"home","905-525-9140 (U-AY)",NULL,NULL,"REGINA",12,"Canada","S4X 1X2",NULL
NULL,NULL,646,1,1,"home","905-525-9140 (V-AY)",NULL,NULL,"STONEY CREEK",9,"Canada","L8E 1Y8",NULL
NULL,NULL,647,1,1,"home","905-525-9140 (W-AY)",NULL,NULL,"NORTH YORK",9,"Canada","M6M 5A5",NULL
NULL,NULL,648,1,1,"home","905-525-9140 (X-AY)",NULL,NULL,"MEDICINE HAT",1,"Canada","T1A 6G6",NULL
NULL,NULL,649,1,1,"home","905-525-9140 (Y-AY)",NULL,NULL,"QUEBEC",11,"Canada","G1E 1Z4",NULL
NULL,NULL,650,1,1,"home","905-525-9140 (Z-AY)",NULL,NULL,"HATFIELD POINT",4,"Canada","E5T 2T9",NULL
NULL,NULL,651,1,1,"home","905-525-9140 (A-AZ)",NULL,NULL,"SMITHS FALLS",9,"Canada","K7A 1G7",NULL
NULL,NULL,652,1,1,"home","905-525-9140 (B-AZ)",NULL,NULL,"SUMMERSIDE",10,"Canada","C1N 2E5",NULL
NULL,NULL,653,1,1,"home","905-525-9140 (C-AZ)",NULL,NULL,"VALLEY",7,"Canada","B6L 0A1",NULL
NULL,NULL,654,1,1,"home","905-525-9140 (D-AZ)",NULL,NULL,"WINNIPEG",3,"Canada","R3M 2Z6",NULL
NULL,NULL,655,1,1,"home","905-525-9140 (E-AZ)",NULL,NULL,"EDMONTON",1,"Canada","T6A 1K9",NULL
NULL,NULL,656,1,1,"home","905-525-9140 (F-AZ)",NULL,NULL,"VANCOUVER",2,"Canada","V5R 5J8",NULL
NULL,NULL,657,1,1,"home","905-525-9140 (G-AZ)",NULL,NULL,"MONTREAL",11,"Canada","H4V 1X7",NULL
NULL,NULL,658,1,1,"home","905-525-9140 (H-AZ)",NULL,NULL,"ROUYN-NORANDA",11,"Canada","J9X 1G5",NULL
NULL,NULL,659,1,1,"home","905-525-9140 (I-AZ)",NULL,NULL,"CAMBRIDGE",9,"Canada","N1R 5J3",NULL
NULL,NULL,660,1,1,"home","905-525-9140 (J-AZ)",NULL,NULL,"NORTH BAY",9,"Canada","P1B 1L3",NULL
NULL,NULL,661,1,1,"home","905-525-9140 (K-AZ)",NULL,NULL,"ST. JOHN'S",5,"Canada","A1H 1B3",NULL
NULL,NULL,662,1,1,"home","905-525-9140 (L-AZ)",NULL,NULL,"SHAWINIGAN-SUD",11,"Canada","G9P 5B5",NULL
NULL,NULL,663,1,1,"home","905-525-9140 (M-AZ)",NULL,NULL,"AURORA",9,"Canada","L4G 3C2",NULL
NULL,NULL,664,1,1,"home","905-525-9140 (N-AZ)",NULL,NULL,"RICHELIEU",11,"Canada","J3L 6T8",NULL
NULL,NULL,665,1,1,"home","905-525-9140 (O-AZ)",NULL,NULL,"BRANTFORD",9,"Canada","N3S 6C2",NULL
NULL,NULL,666,1,1,"home","905-525-9140 (P-AZ)",NULL,NULL,"VANCOUVER",2,"Canada","V5R 3G4",NULL
NULL,NULL,667,1,1,"home","905-525-9140 (Q-AZ)",NULL,NULL,"SAULT STE. MARIE",9,"Canada","P6B 3R5",NULL
NULL,NULL,668,1,1,"home","905-525-9140 (R-AZ)",NULL,NULL,"KITCHENER",9,"Canada","N2M 3E9",NULL
NULL,NULL,669,1,1,"home","905-525-9140 (S-AZ)",NULL,NULL,"EDMONTON",1,"Canada","T6E 4G5",NULL
NULL,NULL,670,1,1,"home","905-525-9140 (T-AZ)",NULL,NULL,"FREDERICTON",4,"Canada","E3A 5A1",NULL
NULL,NULL,671,1,1,"home","905-525-9140 (U-AZ)",NULL,NULL,"ROWENA",4,"Canada","E7H 4N4",NULL
NULL,NULL,672,1,1,"home","905-525-9140 (V-AZ)",NULL,NULL,"BELLEVILLE",9,"Canada","K8P 2V8",NULL
NULL,NULL,673,1,1,"home","905-525-9140 (W-AZ)",NULL,NULL,"SAINT-QUENTIN",4,"Canada","E8A 1P2",NULL
NULL,NULL,674,1,1,"home","905-525-9140 (X-AZ)",NULL,NULL,"LAVAL",11,"Canada","H7W 4X2",NULL
NULL,NULL,675,1,1,"home","905-525-9140 (Y-AZ)",NULL,NULL,"WHITBY",9,"Canada","L1N 1B5",NULL
NULL,NULL,676,1,1,"home","905-525-9140 (Z-AZ)",NULL,NULL,"KITCHENER",9,"Canada","N2R 1C4",NULL
NULL,NULL,677,1,1,"home","905-525-9140 (A-BA)",NULL,NULL,"NAPANEE",9,"Canada","K7R 2Y7",NULL
NULL,NULL,678,1,1,"home","905-525-9140 (B-BA)",NULL,NULL,"BRAMPTON",9,"Canada","L6Z 1X8",NULL
NULL,NULL,679,1,1,"home","905-525-9140 (C-BA)",NULL,NULL,"VANCOUVER",2,"Canada","V5L 3R3",NULL
NULL,NULL,680,1,1,"home","905-525-9140 (D-BA)",NULL,NULL,"MARKHAM",9,"Canada","L3P 6J1",NULL
NULL,NULL,681,1,1,"home","905-525-9140 (E-BA)",NULL,NULL,"LONDON",9,"Canada","N5V 1W4",NULL
NULL,NULL,682,1,1,"home","905-525-9140 (F-BA)",NULL,NULL,"EDMONTON",1,"Canada","T5B 0T8",NULL
NULL,NULL,683,1,1,"home","905-525-9140 (G-BA)",NULL,NULL,"DAUPHIN",3,"Canada","R7N 3K2",NULL
NULL,NULL,684,1,1,"home","905-525-9140 (H-BA)",NULL,NULL,"MISSISSAUGA",9,"Canada","L5M 5W5",NULL
NULL,NULL,685,1,1,"home","905-525-9140 (I-BA)",NULL,NULL,"ESSEX",9,"Canada","N8M 1S6",NULL
NULL,NULL,686,1,1,"home","905-525-9140 (J-BA)",NULL,NULL,"WEST VANCOUVER",2,"Canada","V7S 1S7",NULL
NULL,NULL,687,1,1,"home","905-525-9140 (K-BA)",NULL,NULL,"THORNHILL",9,"Canada","L4J 1Y2",NULL
NULL,NULL,688,1,1,"home","905-525-9140 (L-BA)",NULL,NULL,"MEDUCTIC",4,"Canada","E6H 0B3",NULL
NULL,NULL,689,1,1,"home","905-525-9140 (M-BA)",NULL,NULL,"FORT ERIE",9,"Canada","L2A 3S2",NULL
NULL,NULL,690,1,1,"home","905-525-9140 (N-BA)",NULL,NULL,"NEW GLASGOW",7,"Canada","B2H 4X3",NULL
NULL,NULL,691,1,1,"home","905-525-9140 (O-BA)",NULL,NULL,"ROCKY VIEW",1,"Canada","T1X 0L7",NULL
NULL,NULL,692,1,1,"home","905-525-9140 (P-BA)",NULL,NULL,"FORT SASKATCHEWAN",1,"Canada","T8L 2V6",NULL
NULL,NULL,693,1,1,"home","905-525-9140 (Q-BA)",NULL,NULL,"BECANCOUR",11,"Canada","G9H 2A3",NULL
NULL,NULL,694,1,1,"home","905-525-9140 (R-BA)",NULL,NULL,"TORONTO",9,"Canada","M4N 2A1",NULL
NULL,NULL,695,1,1,"home","905-525-9140 (S-BA)",NULL,NULL,"JONQUIERE",11,"Canada","G7X 4N3",NULL
NULL,NULL,696,1,1,"home","905-525-9140 (T-BA)",NULL,NULL,"NEWMARKET",9,"Canada","L3Y 4Y4",NULL
NULL,NULL,697,1,1,"home","905-525-9140 (U-BA)",NULL,NULL,"SAINT-JOACHIM-DE-COURVAL",11,"Canada","J1Z 2L2",NULL
NULL,NULL,698,1,1,"home","905-525-9140 (V-BA)",NULL,NULL,"COQUITLAM",2,"Canada","V3K 1X4",NULL
NULL,NULL,699,1,1,"home","905-525-9140 (W-BA)",NULL,NULL,"SHERBROOKE",11,"Canada","J1J 2V3",NULL
NULL,NULL,700,1,1,"home","905-525-9140 (X-BA)",NULL,NULL,"WINDSOR",9,"Canada","N9J 3G7",NULL
NULL,NULL,701,1,1,"home","905-525-9140 (Y-BA)",NULL,NULL,"KESWICK",9,"Canada","L4P 3Y4",NULL
NULL,NULL,702,1,1,"home","905-525-9140 (Z-BA)",NULL,NULL,"MISSISSAUGA",9,"Canada","L5L 5S8",NULL
NULL,NULL,703,1,1,"home","905-525-9140 (A-BB)",NULL,NULL,"ELGIN",4,"Canada","E4Z 2B3",NULL
NULL,NULL,704,1,1,"home","905-525-9140 (B-BB)",NULL,NULL,"NORTH BATTLEFORD",12,"Canada","S9A 1A4",NULL
NULL,NULL,705,1,1,"home","905-525-9140 (C-BB)",NULL,NULL,"WATERLOO",9,"Canada","N2L 4P8",NULL
NULL,NULL,706,1,1,"home","905-525-9140 (D-BB)",NULL,NULL,"BARRIE",9,"Canada","L4N 4W3",NULL
NULL,NULL,707,1,1,"home","905-525-9140 (E-BB)",NULL,NULL,"WOODBRIDGE",9,"Canada","L4L 5V8",NULL
NULL,NULL,708,1,1,"home","905-525-9140 (F-BB)",NULL,NULL,"STONEY CREEK",9,"Canada","L8E 2H2",NULL
NULL,NULL,709,1,1,"home","905-525-9140 (G-BB)",NULL,NULL,"COWANSVILLE",11,"Canada","J2K 2X8",NULL
NULL,NULL,710,1,1,"home","905-525-9140 (H-BB)",NULL,NULL,"MONCTON",4,"Canada","E1A 6C4",NULL
NULL,NULL,711,1,1,"home","905-525-9140 (I-BB)",NULL,NULL,"RED DEER",1,"Canada","T4N 6T5",NULL
NULL,NULL,712,1,1,"home","905-525-9140 (J-BB)",NULL,NULL,"CALGARY",1,"Canada","T2Z 2Y4",NULL
NULL,NULL,713,1,1,"home","905-525-9140 (K-BB)",NULL,NULL,"MONTREAL",11,"Canada","H4E 1B1",NULL
NULL,NULL,714,1,1,"home","905-525-9140 (L-BB)",NULL,NULL,"BRANDON",3,"Canada","R7A 1L5",NULL
NULL,NULL,715,1,1,"home","905-525-9140 (M-BB)",NULL,NULL,"SURREY",2,"Canada","V3V 2R5",NULL
NULL,NULL,716,1,1,"home","905-525-9140 (N-BB)",NULL,NULL,"TORONTO",9,"Canada","M6S 3J9",NULL
NULL,NULL,717,1,1,"home","905-525-9140 (O-BB)",NULL,NULL,"COQUITLAM",2,"Canada","V3B 6V9",NULL
NULL,NULL,718,1,1,"home","905-525-9140 (P-BB)",NULL,NULL,"LAVAL",11,"Canada","H7T 1K7",NULL
NULL,NULL,719,1,1,"home","905-525-9140 (Q-BB)",NULL,NULL,"VICTORIA",2,"Canada","V8N 4G7",NULL
NULL,NULL,720,1,1,"home","905-525-9140 (R-BB)",NULL,NULL,"THORNHILL",9,"Canada","L3T 6Z6",NULL
NULL,NULL,721,1,1,"home","905-525-9140 (S-BB)",NULL,NULL,"QUEBEC",11,"Canada","G1J 4C7",NULL
NULL,NULL,722,1,1,"home","905-525-9140 (T-BB)",NULL,NULL,"QUEBEC",11,"Canada","G1C 3N9",NULL
NULL,NULL,723,1,1,"home","905-525-9140 (U-BB)",NULL,NULL,"EDMONTON",1,"Canada","T5T 0K8",NULL
NULL,NULL,724,1,1,"home","905-525-9140 (V-BB)",NULL,NULL,"THORNHILL",9,"Canada","L4J 1E9",NULL
NULL,NULL,725,1,1,"home","905-525-9140 (W-BB)",NULL,NULL,"VICTORIA",2,"Canada","V8W 1X1",NULL
NULL,NULL,726,1,1,"home","905-525-9140 (X-BB)",NULL,NULL,"REGINA",12,"Canada","S4N 7N9",NULL
NULL,NULL,727,1,1,"home","905-525-9140 (Y-BB)",NULL,NULL,"QUEBEC",11,"Canada","G1C 4M4",NULL
NULL,NULL,728,1,1,"home","905-525-9140 (Z-BB)",NULL,NULL,"OTTAWA",9,"Canada","K1S 4C3",NULL
NULL,NULL,729,1,1,"home","905-525-9140 (A-BC)",NULL,NULL,"BELOEIL",11,"Canada","J3G 4P2",NULL
NULL,NULL,730,1,1,"home","905-525-9140 (B-BC)",NULL,NULL,"CALGARY",1,"Canada","T3J 1Y3",NULL
NULL,NULL,731,1,1,"home","905-525-9140 (C-BC)",NULL,NULL,"AMQUI",11,"Canada","G5J 3B1",NULL
NULL,NULL,732,1,1,"home","905-525-9140 (D-BC)",NULL,NULL,"RIPPLES",4,"Canada","E4B 1C5",NULL
NULL,NULL,733,1,1,"home","905-525-9140 (E-BC)",NULL,NULL,"WINNIPEG",3,"Canada","R2X 2E8",NULL
NULL,NULL,734,1,1,"home","905-525-9140 (F-BC)",NULL,NULL,"COQUITLAM",2,"Canada","V3K 5Y2",NULL
NULL,NULL,735,1,1,"home","905-525-9140 (G-BC)",NULL,NULL,"TORONTO",9,"Canada","M5T 3H5",NULL
NULL,NULL,736,1,1,"home","905-525-9140 (H-BC)",NULL,NULL,"KITCHENER",9,"Canada","N2G 2Z4",NULL
NULL,NULL,737,1,1,"home","905-525-9140 (I-BC)",NULL,NULL,"YORK",9,"Canada","M6E 1V4",NULL
NULL,NULL,738,1,1,"home","905-525-9140 (J-BC)",NULL,NULL,"MONTREAL",11,"Canada","H2S 2B7",NULL
NULL,NULL,739,1,1,"home","905-525-9140 (K-BC)",NULL,NULL,"CHARLOTTETOWN",10,"Canada","C1A 2C8",NULL
NULL,NULL,740,1,1,"home","905-525-9140 (L-BC)",NULL,NULL,"PENTICTON",2,"Canada","V2A 1V4",NULL
NULL,NULL,741,1,1,"home","905-525-9140 (M-BC)",NULL,NULL,"MONTREAL",11,"Canada","H1E 3W6",NULL
NULL,NULL,742,1,1,"home","905-525-9140 (N-BC)",NULL,NULL,"RIVERVIEW",4,"Canada","E1B 0L3",NULL
NULL,NULL,743,1,1,"home","905-525-9140 (O-BC)",NULL,NULL,"BRAMPTON",9,"Canada","L6T 3L8",NULL
NULL,NULL,744,1,1,"home","905-525-9140 (P-BC)",NULL,NULL,"ST ANDREWS",4,"Canada","E5B 2A4",NULL
NULL,NULL,745,1,1,"home","905-525-9140 (Q-BC)",NULL,NULL,"SASKATOON",12,"Canada","S7J 4G9",NULL
NULL,NULL,746,1,1,"home","905-525-9140 (R-BC)",NULL,NULL,"THUNDER BAY",9,"Canada","P7A 1A9",NULL
NULL,NULL,747,1,1,"home","905-525-9140 (S-BC)",NULL,NULL,"KENORA",9,"Canada","P9N 2E3",NULL
NULL,NULL,748,1,1,"home","905-525-9140 (T-BC)",NULL,NULL,"WEST VANCOUVER",2,"Canada","V7S 2A8",NULL
NULL,NULL,749,1,1,"home","905-525-9140 (U-BC)",NULL,NULL,"WINDSOR",11,"Canada","J1S 2R4",NULL
NULL,NULL,750,1,1,"home","905-525-9140 (V-BC)",NULL,NULL,"MONTREAL",11,"Canada","H1T 3M3",NULL
NULL,NULL,751,1,1,"home","905-525-9140 (W-BC)",NULL,NULL,"ROSEVALE",4,"Canada","E4H 4C4",NULL
NULL,NULL,752,1,1,"home","905-525-9140 (X-BC)",NULL,NULL,"CALGARY",1,"Canada","T2B 2A6",NULL
NULL,NULL,753,1,1,"home","905-525-9140 (Y-BC)",NULL,NULL,"PRINCE GEORGE",2,"Canada","V2M 2Z9",NULL
NULL,NULL,754,1,1,"home","905-525-9140 (Z-BC)",NULL,NULL,"PORTAGE LA PRAIRIE",3,"Canada","R1N 1B7",NULL
NULL,NULL,755,1,1,"home","905-525-9140 (A-BD)",NULL,NULL,"WHITBY",9,"Canada","L1N 6V9",NULL
NULL,NULL,756,1,1,"home","905-525-9140 (B-BD)",NULL,NULL,"DORVAL",11,"Canada","H9S 1J4",NULL
NULL,NULL,757,1,1,"home","905-525-9140 (C-BD)",NULL,NULL,"QUEBEC",11,"Canada","G1L 1L7",NULL
NULL,NULL,758,1,1,"home","905-525-9140 (D-BD)",NULL,NULL,"DARTMOUTH",7,"Canada","B2W 1V6",NULL
NULL,NULL,759,1,1,"home","905-525-9140 (E-BD)",NULL,NULL,"BECANCOUR",11,"Canada","G9H 0C8",NULL
NULL,NULL,760,1,1,"home","905-525-9140 (F-BD)",NULL,NULL,"LANGLEY",2,"Canada","V3A 4G9",NULL
NULL,NULL,761,1,1,"home","905-525-9140 (G-BD)",NULL,NULL,"SAINT-NICOLAS",11,"Canada","G7A 4M4",NULL
NULL,NULL,762,1,1,"home","905-525-9140 (H-BD)",NULL,NULL,"PARADISE",5,"Canada","A1L 1B1",NULL
NULL,NULL,763,1,1,"home","905-525-9140 (I-BD)",NULL,NULL,"LOUISEVILLE",11,"Canada","J5V 1T9",NULL
NULL,NULL,764,1,1,"home","905-525-9140 (J-BD)",NULL,NULL,"BURLINGTON",9,"Canada","L7R 2V1",NULL
NULL,NULL,765,1,1,"home","905-525-9140 (K-BD)",NULL,NULL,"LINDSAY",9,"Canada","K9V 4C2",NULL
NULL,NULL,766,1,1,"home","905-525-9140 (L-BD)",NULL,NULL,"MISSISSAUGA",9,"Canada","L5J 2R9",NULL
NULL,NULL,767,1,1,"home","905-525-9140 (M-BD)",NULL,NULL,"STURGEON FALLS",9,"Canada","P2B 3G3",NULL
NULL,NULL,768,1,1,"home","905-525-9140 (N-BD)",NULL,NULL,"FORT SASKATCHEWAN",1,"Canada","T8L 3J2",NULL
NULL,NULL,769,1,1,"home","905-525-9140 (O-BD)",NULL,NULL,"CANTLEY",11,"Canada","J8V 3P1",NULL
NULL,NULL,770,1,1,"home","905-525-9140 (P-BD)",NULL,NULL,"VANCOUVER",2,"Canada","V6R 2Z2",NULL
NULL,NULL,771,1,1,"home","905-525-9140 (Q-BD)",NULL,NULL,"SAINT-GEORGES",11,"Canada","G5Z 0T5",NULL
NULL,NULL,772,1,1,"home","905-525-9140 (R-BD)",NULL,NULL,"OTTAWA",9,"Canada","K1Z 8R7",NULL
NULL,NULL,773,1,1,"home","905-525-9140 (S-BD)",NULL,NULL,"KANATA",9,"Canada","K2K 0B8",NULL
NULL,NULL,774,1,1,"home","905-525-9140 (T-BD)",NULL,NULL,"GRANBY",11,"Canada","J2H 2G6",NULL
NULL,NULL,775,1,1,"home","905-525-9140 (U-BD)",NULL,NULL,"KITCHENER",9,"Canada","N2P 1Y3",NULL
NULL,NULL,776,1,1,"home","905-525-9140 (V-BD)",NULL,NULL,"HUNTSVILLE",9,"Canada","P1H 2M7",NULL
NULL,NULL,777,1,1,"home","905-525-9140 (W-BD)",NULL,NULL,"GUY",1,"Canada","T0H 1Y0",NULL
NULL,NULL,778,1,1,"home","905-525-9140 (X-BD)",NULL,NULL,"SHAWINIGAN-SUD",11,"Canada","G9P 3G1",NULL
NULL,NULL,779,1,1,"home","905-525-9140 (Y-BD)",NULL,NULL,"MONTREAL",11,"Canada","H2K 3T2",NULL
NULL,NULL,780,1,1,"home","905-525-9140 (Z-BD)",NULL,NULL,"ASBESTOS",11,"Canada","J1T 4C8",NULL
NULL,NULL,781,1,1,"home","905-525-9140 (A-BE)",NULL,NULL,"CALGARY",1,"Canada","T3K 1W4",NULL
NULL,NULL,782,1,1,"home","905-525-9140 (B-BE)",NULL,NULL,"MONTREAL",11,"Canada","H2G 2H6",NULL
NULL,NULL,783,1,1,"home","905-525-9140 (C-BE)",NULL,NULL,"MONTREAL",11,"Canada","H2C 3A8",NULL
NULL,NULL,784,1,1,"home","905-525-9140 (D-BE)",NULL,NULL,"TORONTO",9,"Canada","M5S 2C9",NULL
NULL,NULL,785,1,1,"home","905-525-9140 (E-BE)",NULL,NULL,"NORTH YORK",9,"Canada","M2K 2M2",NULL
NULL,NULL,786,1,1,"home","905-525-9140 (F-BE)",NULL,NULL,"QUEBEC",11,"Canada","G1M 3J4",NULL
NULL,NULL,787,1,1,"home","905-525-9140 (G-BE)",NULL,NULL,"FORT MCMURRAY",1,"Canada","T9K 1N8",NULL
NULL,NULL,788,1,1,"home","905-525-9140 (H-BE)",NULL,NULL,"POWELL RIVER",2,"Canada","V8A 0A3",NULL
NULL,NULL,789,1,1,"home","905-525-9140 (I-BE)",NULL,NULL,"SAINTE-MARIE",11,"Canada","G6E 3Y4",NULL
NULL,NULL,790,1,1,"home","905-525-9140 (J-BE)",NULL,NULL,"STRATFORD",9,"Canada","N5A 2Z5",NULL
NULL,NULL,791,1,1,"home","905-525-9140 (K-BE)",NULL,NULL,"WINNIPEG",3,"Canada","R2W 4Y4",NULL
NULL,NULL,792,1,1,"home","905-525-9140 (L-BE)",NULL,NULL,"SAINT-BASILE-LE-GRAND",11,"Canada","J3N 1Z1",NULL
NULL,NULL,793,1,1,"home","905-525-9140 (M-BE)",NULL,NULL,"CHILLIWACK",2,"Canada","V2P 4R2",NULL
NULL,NULL,794,1,1,"home","905-525-9140 (N-BE)",NULL,NULL,"OAKVILLE",9,"Canada","L6L 4G2",NULL
NULL,NULL,795,1,1,"home","905-525-9140 (O-BE)",NULL,NULL,"MONTREAL",11,"Canada","H1L 3K1",NULL
NULL,NULL,796,1,1,"home","905-525-9140 (P-BE)",NULL,NULL,"OSHAWA",9,"Canada","L1J 1R2",NULL
NULL,NULL,797,1,1,"home","905-525-9140 (Q-BE)",NULL,NULL,"LONDON",9,"Canada","N5Y 2C3",NULL
NULL,NULL,798,1,1,"home","905-525-9140 (R-BE)",NULL,NULL,"LA PRAIRIE",11,"Canada","J5R 0B5",NULL
NULL,NULL,799,1,1,"home","905-525-9140 (S-BE)",NULL,NULL,"CALGARY",1,"Canada","T1Y 3Z7",NULL
NULL,NULL,800,1,1,"home","905-525-9140 (T-BE)",NULL,NULL,"WINDSOR",9,"Canada","N8W 3J6",NULL
NULL,NULL,801,1,1,"home","905-525-9140 (U-BE)",NULL,NULL,"OYAMA",2,"Canada","V4V 2C5",NULL
NULL,NULL,802,1,1,"home","905-525-9140 (V-BE)",NULL,NULL,"SCARBOROUGH",9,"Canada","M1E 3B2",NULL
NULL,NULL,803,1,1,"home","905-525-9140 (W-BE)",NULL,NULL,"OAKVILLE",9,"Canada","L6J 7Z4",NULL
NULL,NULL,804,1,1,"home","905-525-9140 (X-BE)",NULL,NULL,"ABBOTSFORD",2,"Canada","V2S 5J8",NULL
NULL,NULL,805,1,1,"home","905-525-9140 (Y-BE)",NULL,NULL,"SAINT-JEROME",11,"Canada","J5L 1G3",NULL
NULL,NULL,806,1,1,"home","905-525-9140 (Z-BE)",NULL,NULL,"PERTH",9,"Canada","K7H 1S4",NULL
NULL,NULL,807,1,1,"home","905-525-9140 (A-BF)",NULL,NULL,"SAINT-HYACINTHE",11,"Canada","J2S 6G5",NULL
NULL,NULL,808,1,1,"home","905-525-9140 (B-BF)",NULL,NULL,"CALGARY",1,"Canada","T2N 2E5",NULL
NULL,NULL,809,1,1,"home","905-525-9140 (C-BF)",NULL,NULL,"QUEBEC",11,"Canada","G2C 2B8",NULL
NULL,NULL,810,1,1,"home","905-525-9140 (D-BF)",NULL,NULL,"PARADISE",5,"Canada","A1L 3G6",NULL
NULL,NULL,811,1,1,"home","905-525-9140 (E-BF)",NULL,NULL,"EDMONTON",1,"Canada","T5N 1A1",NULL
NULL,NULL,812,1,1,"home","905-525-9140 (F-BF)",NULL,NULL,"POINTE-CLAIRE",11,"Canada","H9R 4Z5",NULL
NULL,NULL,813,1,1,"home","905-525-9140 (G-BF)",NULL,NULL,"CALGARY",1,"Canada","T3A 6L3",NULL
NULL,NULL,814,1,1,"home","905-525-9140 (H-BF)",NULL,NULL,"LAVAL",11,"Canada","H7P 0A9",NULL
NULL,NULL,815,1,1,"home","905-525-9140 (I-BF)",NULL,NULL,"VICTORIA",2,"Canada","V8R 5A1",NULL
NULL,NULL,816,1,1,"home","905-525-9140 (J-BF)",NULL,NULL,"COMOX",2,"Canada","V9M 3K3",NULL
NULL,NULL,817,1,1,"home","905-525-9140 (K-BF)",NULL,NULL,"WINDSOR",9,"Canada","N8X 4E1",NULL
NULL,NULL,818,1,1,"home","905-525-9140 (L-BF)",NULL,NULL,"EDMONTON",1,"Canada","T6H 0E1",NULL
NULL,NULL,819,1,1,"home","905-525-9140 (M-BF)",NULL,NULL,"MOOSE JAW",12,"Canada","S6H 0W1",NULL
NULL,NULL,820,1,1,"home","905-525-9140 (N-BF)",NULL,NULL,"SCARBOROUGH",9,"Canada","M1S 1Z7",NULL
NULL,NULL,821,1,1,"home","905-525-9140 (O-BF)",NULL,NULL,"VANCOUVER",2,"Canada","V6N 1R9",NULL
NULL,NULL,822,1,1,"home","905-525-9140 (P-BF)",NULL,NULL,"CHATEAUGUAY",11,"Canada","J6K 3A7",NULL
NULL,NULL,823,1,1,"home","905-525-9140 (Q-BF)",NULL,NULL,"LAVAL",11,"Canada","H7C 1W9",NULL
NULL,NULL,824,1,1,"home","905-525-9140 (R-BF)",NULL,NULL,"PENTICTON",2,"Canada","V2A 3X4",NULL
NULL,NULL,825,1,1,"home","905-525-9140 (S-BF)",NULL,NULL,"GLOUCESTER",9,"Canada","K1T 1H8",NULL
NULL,NULL,826,1,1,"home","905-525-9140 (T-BF)",NULL,NULL,"VICTORIA",2,"Canada","V8Z 5Z3",NULL
NULL,NULL,827,1,1,"home","905-525-9140 (U-BF)",NULL,NULL,"WINDSOR",9,"Canada","N8X 1W6",NULL
NULL,NULL,828,1,1,"home","905-525-9140 (V-BF)",NULL,NULL,"MONTREAL",11,"Canada","H3T 1B6",NULL
NULL,NULL,829,1,1,"home","905-525-9140 (W-BF)",NULL,NULL,"LONDON",9,"Canada","N5Y 3K3",NULL
NULL,NULL,830,1,1,"home","905-525-9140 (X-BF)",NULL,NULL,"COATICOOK",11,"Canada","J1A 3G8",NULL
NULL,NULL,831,1,1,"home","905-525-9140 (Y-BF)",NULL,NULL,"EDMONTON",1,"Canada","T6H 5A2",NULL
NULL,NULL,832,1,1,"home","905-525-9140 (Z-BF)",NULL,NULL,"NEWMARKET",9,"Canada","L3Y 4C8",NULL
NULL,NULL,833,1,1,"home","905-525-9140 (A-BG)",NULL,NULL,"SUDBURY",9,"Canada","P3E 4P8",NULL
NULL,NULL,834,1,1,"home","905-525-9140 (B-BG)",NULL,NULL,"GRAND-BARACHOIS",4,"Canada","E4P 8B3",NULL
NULL,NULL,835,1,1,"home","905-525-9140 (C-BG)",NULL,NULL,"THETFORD MINES",11,"Canada","G6G 1J5",NULL
NULL,NULL,836,1,1,"home","905-525-9140 (D-BG)",NULL,NULL,"GRANBY",11,"Canada","J2H 2T1",NULL
NULL,NULL,837,1,1,"home","905-525-9140 (E-BG)",NULL,NULL,"WINNIPEG",3,"Canada","R3L 1C7",NULL
NULL,NULL,838,1,1,"home","905-525-9140 (F-BG)",NULL,NULL,"OTTAWA",9,"Canada","K1V 0J5",NULL
NULL,NULL,839,1,1,"home","905-525-9140 (G-BG)",NULL,NULL,"RIMOUSKI",11,"Canada","G5L 4Y3",NULL
NULL,NULL,840,1,1,"home","905-525-9140 (H-BG)",NULL,NULL,"LAC-MEGANTIC",11,"Canada","G6B 2G6",NULL
NULL,NULL,841,1,1,"home","905-525-9140 (I-BG)",NULL,NULL,"EDMUNDSTON",4,"Canada","E3V 2X3",NULL
NULL,NULL,842,1,1,"home","905-525-9140 (J-BG)",NULL,NULL,"AURORA",9,"Canada","L4G 5X7",NULL
NULL,NULL,843,1,1,"home","905-525-9140 (K-BG)",NULL,NULL,"CALGARY",1,"Canada","T2J 6L9",NULL
NULL,NULL,844,1,1,"home","905-525-9140 (L-BG)",NULL,NULL,"MONTREAL",11,"Canada","H2J 2P4",NULL
NULL,NULL,845,1,1,"home","905-525-9140 (M-BG)",NULL,NULL,"CALGARY",1,"Canada","T2G 4A6",NULL
NULL,NULL,846,1,1,"home","905-525-9140 (N-BG)",NULL,NULL,"TORONTO",9,"Canada","M4K 2V4",NULL
NULL,NULL,847,1,1,"home","905-525-9140 (O-BG)",NULL,NULL,"MONT-SAINT-HILAIRE",11,"Canada","J3H 4V5",NULL
NULL,NULL,848,1,1,"home","905-525-9140 (P-BG)",NULL,NULL,"THORNHILL",9,"Canada","L3T 4L3",NULL
NULL,NULL,849,1,1,"home","905-525-9140 (Q-BG)",NULL,NULL,"DEUX-MONTAGNES",11,"Canada","J7R 1S3",NULL
NULL,NULL,850,1,1,"home","905-525-9140 (R-BG)",NULL,NULL,"NIAGARA FALLS",9,"Canada","L2E 7J6",NULL
NULL,NULL,851,1,1,"home","905-525-9140 (S-BG)",NULL,NULL,"BELLEVILLE",9,"Canada","K8P 4B1",NULL
NULL,NULL,852,1,1,"home","905-525-9140 (T-BG)",NULL,NULL,"STEPHENVILLE",5,"Canada","A2N 0B9",NULL
NULL,NULL,853,1,1,"home","905-525-9140 (U-BG)",NULL,NULL,"WHITBY",9,"Canada","L1N 9M9",NULL
NULL,NULL,854,1,1,"home","905-525-9140 (V-BG)",NULL,NULL,"KARS",4,"Canada","E5T 3H3",NULL
NULL,NULL,855,1,1,"home","905-525-9140 (W-BG)",NULL,NULL,"OSHAWA",9,"Canada","L1G 3C2",NULL
NULL,NULL,856,1,1,"home","905-525-9140 (X-BG)",NULL,NULL,"PONOKA",1,"Canada","T4J 1M7",NULL
NULL,NULL,857,1,1,"home","905-525-9140 (Y-BG)",NULL,NULL,"SAINT-RAYMOND",11,"Canada","G3L 2T8",NULL
NULL,NULL,858,1,1,"home","905-525-9140 (Z-BG)",NULL,NULL,"MONTREAL",11,"Canada","H3A 2T8",NULL
NULL,NULL,859,1,1,"home","905-525-9140 (A-BH)",NULL,NULL,"VANCOUVER",2,"Canada","V6Z 3E1",NULL
NULL,NULL,860,1,1,"home","905-525-9140 (B-BH)",NULL,NULL,"HARTLAND",4,"Canada","E7P 2L5",NULL
NULL,NULL,861,1,1,"home","905-525-9140 (C-BH)",NULL,NULL,"TORONTO",9,"Canada","M6K 2Z8",NULL
NULL,NULL,862,1,1,"home","905-525-9140 (D-BH)",NULL,NULL,"PIERREFONDS",11,"Canada","H8Z 2E7",NULL
NULL,NULL,863,1,1,"home","905-525-9140 (E-BH)",NULL,NULL,"FRENCHVALE",7,"Canada","B2A 4G1",NULL
NULL,NULL,864,1,1,"home","905-525-9140 (F-BH)",NULL,NULL,"OSHAWA",9,"Canada","L1H 3M3",NULL
NULL,NULL,865,1,1,"home","905-525-9140 (G-BH)",NULL,NULL,"BRAMPTON",9,"Canada","L7A 0N8",NULL
NULL,NULL,866,1,1,"home","905-525-9140 (H-BH)",NULL,NULL,"CHICOUTIMI",11,"Canada","G7H 7M9",NULL
NULL,NULL,867,1,1,"home","905-525-9140 (I-BH)",NULL,NULL,"ST. JOHN'S",5,"Canada","A1E 3K2",NULL
NULL,NULL,868,1,1,"home","905-525-9140 (J-BH)",NULL,NULL,"OTTAWA",9,"Canada","K2A 2H5",NULL
NULL,NULL,869,1,1,"home","905-525-9140 (K-BH)",NULL,NULL,"PICKERING",9,"Canada","L1V 5J2",NULL
NULL,NULL,870,1,1,"home","905-525-9140 (L-BH)",NULL,NULL,"TERREBONNE",11,"Canada","J6Y 1H9",NULL
NULL,NULL,871,1,1,"home","905-525-9140 (M-BH)",NULL,NULL,"WINNIPEG",3,"Canada","R3G 1H7",NULL
NULL,NULL,872,1,1,"home","905-525-9140 (N-BH)",NULL,NULL,"SAINT-NICEPHORE",11,"Canada","J2A 2N8",NULL
NULL,NULL,873,1,1,"home","905-525-9140 (O-BH)",NULL,NULL,"VICTORIA",2,"Canada","V9E 2J7",NULL
NULL,NULL,874,1,1,"home","905-525-9140 (P-BH)",NULL,NULL,"ST. ALBERT",1,"Canada","T8N 0G6",NULL
NULL,NULL,875,1,1,"home","905-525-9140 (Q-BH)",NULL,NULL,"MONTREAL",11,"Canada","H1K 4L1",NULL
NULL,NULL,876,1,1,"home","905-525-9140 (R-BH)",NULL,NULL,"VANCOUVER",2,"Canada","V6E 4G2",NULL
NULL,NULL,877,1,1,"home","905-525-9140 (S-BH)",NULL,NULL,"QUISPAMSIS",4,"Canada","E2S 0C1",NULL
NULL,NULL,878,1,1,"home","905-525-9140 (T-BH)",NULL,NULL,"MOUNT PEARL",5,"Canada","A1N 3K4",NULL
NULL,NULL,879,1,1,"home","905-525-9140 (U-BH)",NULL,NULL,"THUNDER BAY",9,"Canada","P7E 6N7",NULL
NULL,NULL,880,1,1,"home","905-525-9140 (V-BH)",NULL,NULL,"VANCOUVER",2,"Canada","V5N 3Z4",NULL
NULL,NULL,881,1,1,"home","905-525-9140 (W-BH)",NULL,NULL,"SALABERRY-DE-VALLEYFIELD",11,"Canada","J6T 3H7",NULL
NULL,NULL,882,1,1,"home","905-525-9140 (X-BH)",NULL,NULL,"MAGOG",11,"Canada","J1X 2L2",NULL
NULL,NULL,883,1,1,"home","905-525-9140 (Y-BH)",NULL,NULL,"DUNDAS",9,"Canada","L9H 4K1",NULL
NULL,NULL,884,1,1,"home","905-525-9140 (Z-BH)",NULL,NULL,"WATERLOO",9,"Canada","N2J 4P7",NULL
NULL,NULL,885,1,1,"home","905-525-9140 (A-BI)",NULL,NULL,"STONEY CREEK",9,"Canada","L8G 1C6",NULL
NULL,NULL,886,1,1,"home","905-525-9140 (B-BI)",NULL,NULL,"BURNABY",2,"Canada","V3N 1B6",NULL
NULL,NULL,887,1,1,"home","905-525-9140 (C-BI)",NULL,NULL,"MONTREAL",11,"Canada","H2N 2H6",NULL
NULL,NULL,888,1,1,"home","905-525-9140 (D-BI)",NULL,NULL,"SAINT JOHN",4,"Canada","E2L 1M9",NULL
NULL,NULL,889,1,1,"home","905-525-9140 (E-BI)",NULL,NULL,"EDMONTON",1,"Canada","T6K 2X1",NULL
NULL,NULL,890,1,1,"home","905-525-9140 (F-BI)",NULL,NULL,"NEW JERSEY",4,"Canada","E9G 2L6",NULL
NULL,NULL,891,1,1,"home","905-525-9140 (G-BI)",NULL,NULL,"LOGY BAY",5,"Canada","A1K 3A1",NULL
NULL,NULL,892,1,1,"home","905-525-9140 (H-BI)",NULL,NULL,"RICHMOND",2,"Canada","V6V 2G2",NULL
NULL,NULL,893,1,1,"home","905-525-9140 (I-BI)",NULL,NULL,"SAINT-LAURENT",11,"Canada","H4S 1T8",NULL
NULL,NULL,894,1,1,"home","905-525-9140 (J-BI)",NULL,NULL,"VEGREVILLE",1,"Canada","T9C 0A5",NULL
NULL,NULL,895,1,1,"home","905-525-9140 (K-BI)",NULL,NULL,"KELOWNA",2,"Canada","V1Y 7K7",NULL
NULL,NULL,896,1,1,"home","905-525-9140 (L-BI)",NULL,NULL,"FREDERICTON",4,"Canada","E3B 8K5",NULL
NULL,NULL,897,1,1,"home","905-525-9140 (M-BI)",NULL,NULL,"COCAGNE",4,"Canada","E4R 2V2",NULL
NULL,NULL,898,1,1,"home","905-525-9140 (N-BI)",NULL,NULL,"HAMPTON",4,"Canada","E5N 5A2",NULL
NULL,NULL,899,1,1,"home","905-525-9140 (O-BI)",NULL,NULL,"KAPUSKASING",9,"Canada","P5N 2P3",NULL
NULL,NULL,900,1,1,"home","905-525-9140 (P-BI)",NULL,NULL,"TORONTO",9,"Canada","M4P 2J5",NULL
NULL,NULL,901,1,1,"home","905-525-9140 (Q-BI)",NULL,NULL,"MONT-LAURIER",11,"Canada","J9L 1Y4",NULL
NULL,NULL,902,1,1,"home","905-525-9140 (R-BI)",NULL,NULL,"REGINA",12,"Canada","S4S 6G9",NULL
NULL,NULL,903,1,1,"home","905-525-9140 (S-BI)",NULL,NULL,"RICHMOND",2,"Canada","V7E 2E6",NULL
NULL,NULL,904,1,1,"home","905-525-9140 (T-BI)",NULL,NULL,"SAINT-NICOLAS",11,"Canada","G7A 4J8",NULL
NULL,NULL,905,1,1,"home","905-525-9140 (U-BI)",NULL,NULL,"TROIS-RIVIERES",11,"Canada","G9B 2J5",NULL
NULL,NULL,906,1,1,"home","905-525-9140 (V-BI)",NULL,NULL,"CALGARY",1,"Canada","T3G 5X2",NULL
NULL,NULL,907,1,1,"home","905-525-9140 (W-BI)",NULL,NULL,"MISSISSAUGA",9,"Canada","L5R 3S2",NULL
NULL,NULL,908,1,1,"home","905-525-9140 (X-BI)",NULL,NULL,"COQUITLAM",2,"Canada","V3J 4Y2",NULL
NULL,NULL,909,1,1,"home","905-525-9140 (Y-BI)",NULL,NULL,"LONDON",9,"Canada","N6K 2G1",NULL
NULL,NULL,910,1,1,"home","905-525-9140 (Z-BI)",NULL,NULL,"AIRDRIE",1,"Canada","T4B 0Z7",NULL
NULL,NULL,911,1,1,"home","905-525-9140 (A-BJ)",NULL,NULL,"SAULT STE. MARIE",9,"Canada","P6B 2V8",NULL
NULL,NULL,912,1,1,"home","905-525-9140 (B-BJ)",NULL,NULL,"LA MALBAIE",11,"Canada","G5A 1N1",NULL
NULL,NULL,913,1,1,"home","905-525-9140 (C-BJ)",NULL,NULL,"RUSAGONIS",4,"Canada","E3B 0J3",NULL
NULL,NULL,914,1,1,"home","905-525-9140 (D-BJ)",NULL,NULL,"DELTA",2,"Canada","V4K 1E5",NULL
NULL,NULL,915,1,1,"home","905-525-9140 (E-BJ)",NULL,NULL,"LAVAL",11,"Canada","H7N 1Z7",NULL
NULL,NULL,916,1,1,"home","905-525-9140 (F-BJ)",NULL,NULL,"PORT ALBERNI",2,"Canada","V9Y 4A8",NULL
NULL,NULL,917,1,1,"home","905-525-9140 (G-BJ)",NULL,NULL,"ST THOMAS",9,"Canada","N5R 2C5",NULL
NULL,NULL,918,1,1,"home","905-525-9140 (H-BJ)",NULL,NULL,"AJAX",9,"Canada","L1Z 0E2",NULL
NULL,NULL,919,1,1,"home","905-525-9140 (I-BJ)",NULL,NULL,"VANCOUVER",2,"Canada","V5K 3L6",NULL
NULL,NULL,920,1,1,"home","905-525-9140 (J-BJ)",NULL,NULL,"WATERLOO",9,"Canada","N2K 3M7",NULL
NULL,NULL,921,1,1,"home","905-525-9140 (K-BJ)",NULL,NULL,"GOULDS",5,"Canada","A1S 1H3",NULL
NULL,NULL,922,1,1,"home","905-525-9140 (L-BJ)",NULL,NULL,"LONGUEUIL",11,"Canada","J4K 1J2",NULL
NULL,NULL,923,1,1,"home","905-525-9140 (M-BJ)",NULL,NULL,"HAMILTON",9,"Canada","L8V 3J8",NULL
NULL,NULL,924,1,1,"home","905-525-9140 (N-BJ)",NULL,NULL,"WINDSOR",9,"Canada","N8R 2C8",NULL
NULL,NULL,925,1,1,"home","905-525-9140 (O-BJ)",NULL,NULL,"CALGARY",1,"Canada","T2V 3C6",NULL
NULL,NULL,926,1,1,"home","905-525-9140 (P-BJ)",NULL,NULL,"QUEBEC",11,"Canada","G1V 2N3",NULL
NULL,NULL,927,1,1,"home","905-525-9140 (Q-BJ)",NULL,NULL,"LONDON",9,"Canada","N5V 1Z2",NULL
NULL,NULL,928,1,1,"home","905-525-9140 (R-BJ)",NULL,NULL,"IONA",7,"Canada","B2C 1A1",NULL
NULL,NULL,929,1,1,"home","905-525-9140 (S-BJ)",NULL,NULL,"OAKVILLE",9,"Canada","L6L 1A8",NULL
NULL,NULL,930,1,1,"home","905-525-9140 (T-BJ)",NULL,NULL,"FREDERICTON",4,"Canada","E3B 4C7",NULL
NULL,NULL,931,1,1,"home","905-525-9140 (U-BJ)",NULL,NULL,"CHIBOUGAMAU",11,"Canada","G8P 2P5",NULL
NULL,NULL,932,1,1,"home","905-525-9140 (V-BJ)",NULL,NULL,"OTTAWA",9,"Canada","K1S 1W7",NULL
NULL,NULL,933,1,1,"home","905-525-9140 (W-BJ)",NULL,NULL,"QUEBEC",11,"Canada","G1B 3W6",NULL
NULL,NULL,934,1,1,"home","905-525-9140 (X-BJ)",NULL,NULL,"CALGARY",1,"Canada","T2W 0Y8",NULL
NULL,NULL,935,1,1,"home","905-525-9140 (Y-BJ)",NULL,NULL,"OTTAWA",9,"Canada","K1S 0W3",NULL
NULL,NULL,936,1,1,"home","905-525-9140 (Z-BJ)",NULL,NULL,"SARNIA",9,"Canada","N7S 5J7",NULL
NULL,NULL,937,1,1,"home","905-525-9140 (A-BK)",NULL,NULL,"COMOX",2,"Canada","V9M 4B8",NULL
NULL,NULL,938,1,1,"home","905-525-9140 (B-BK)",NULL,NULL,"STRATHROY",9,"Canada","N7G 2M9",NULL
NULL,NULL,939,1,1,"home","905-525-9140 (C-BK)",NULL,NULL,"KESWICK",9,"Canada","L4P 1T5",NULL
NULL,NULL,940,1,1,"home","905-525-9140 (D-BK)",NULL,NULL,"DARTMOUTH",7,"Canada","B2Y 2Z6",NULL
NULL,NULL,941,1,1,"home","905-525-9140 (E-BK)",NULL,NULL,"BURNABY",2,"Canada","V5H 3S6",NULL
NULL,NULL,942,1,1,"home","905-525-9140 (F-BK)",NULL,NULL,"NEPEAN",9,"Canada","K2J 1Y6",NULL
NULL,NULL,943,1,1,"home","905-525-9140 (G-BK)",NULL,NULL,"GUELPH",9,"Canada","N1G 1Z1",NULL
NULL,NULL,944,1,1,"home","905-525-9140 (H-BK)",NULL,NULL,"GEARY",4,"Canada","E2V 4C2",NULL
NULL,NULL,945,1,1,"home","905-525-9140 (I-BK)",NULL,NULL,"VICTORIAVILLE",11,"Canada","G6P 7J1",NULL
NULL,NULL,946,1,1,"home","905-525-9140 (J-BK)",NULL,NULL,"GASPE",11,"Canada","G4X 1Y4",NULL
NULL,NULL,947,1,1,"home","905-525-9140 (K-BK)",NULL,NULL,"BELOEIL",11,"Canada","J3G 4R4",NULL
NULL,NULL,948,1,1,"home","905-525-9140 (L-BK)",NULL,NULL,"EDMONTON",1,"Canada","T5G 3G1",NULL
NULL,NULL,949,1,1,"home","905-525-9140 (M-BK)",NULL,NULL,"NIAGARA FALLS",9,"Canada","L2G 3V4",NULL
NULL,NULL,950,1,1,"home","905-525-9140 (N-BK)",NULL,NULL,"SAINT-HYACINTHE",11,"Canada","J2T 2E3",NULL
NULL,NULL,951,1,1,"home","905-525-9140 (O-BK)",NULL,NULL,"ST. JOHN'S",5,"Canada","A1E 3B8",NULL
NULL,NULL,952,1,1,"home","905-525-9140 (P-BK)",NULL,NULL,"WATERLOO",9,"Canada","N2T 1W4",NULL
NULL,NULL,953,1,1,"home","905-525-9140 (Q-BK)",NULL,NULL,"SARNIA",9,"Canada","N7T 5H2",NULL
NULL,NULL,954,1,1,"home","905-525-9140 (R-BK)",NULL,NULL,"NIAGARA FALLS",9,"Canada","L2E 1K8",NULL
NULL,NULL,955,1,1,"home","905-525-9140 (S-BK)",NULL,NULL,"SWIFT CURRENT",12,"Canada","S9H 0G6",NULL
NULL,NULL,956,1,1,"home","905-525-9140 (T-BK)",NULL,NULL,"MONTREAL",11,"Canada","H1L 5Y2",NULL
NULL,NULL,957,1,1,"home","905-525-9140 (U-BK)",NULL,NULL,"THUNDER BAY",9,"Canada","P7B 3P7",NULL
NULL,NULL,958,1,1,"home","905-525-9140 (V-BK)",NULL,NULL,"LOCKPORT",3,"Canada","R1A 3J8",NULL
NULL,NULL,959,1,1,"home","905-525-9140 (W-BK)",NULL,NULL,"RIVER RYAN",7,"Canada","B1H 5H3",NULL
NULL,NULL,960,1,1,"home","905-525-9140 (X-BK)",NULL,NULL,"LLOYDMINSTER",1,"Canada","T9V 1J7",NULL
NULL,NULL,961,1,1,"home","905-525-9140 (Y-BK)",NULL,NULL,"EDMONTON",1,"Canada","T5C 1C3",NULL
NULL,NULL,962,1,1,"home","905-525-9140 (Z-BK)",NULL,NULL,"VANCOUVER",2,"Canada","V6P 6A6",NULL
NULL,NULL,963,1,1,"home","905-525-9140 (A-BL)",NULL,NULL,"CAMBRIDGE",9,"Canada","N3C 2V1",NULL
NULL,NULL,964,1,1,"home","905-525-9140 (B-BL)",NULL,NULL,"WINNIPEG",3,"Canada","R3M 2A6",NULL
NULL,NULL,965,1,1,"home","905-525-9140 (C-BL)",NULL,NULL,"FORT MCMURRAY",1,"Canada","T9H 1A4",NULL
NULL,NULL,966,1,1,"home","905-525-9140 (D-BL)",NULL,NULL,"SAINT-HYACINTHE",11,"Canada","J2S 8M4",NULL
NULL,NULL,967,1,1,"home","905-525-9140 (E-BL)",NULL,NULL,"CATALONE GUT",7,"Canada","B1C 2C1",NULL
NULL,NULL,968,1,1,"home","905-525-9140 (F-BL)",NULL,NULL,"ANCASTER",9,"Canada","L9G 2G2",NULL
NULL,NULL,969,1,1,"home","905-525-9140 (G-BL)",NULL,NULL,"TRURO HEIGHTS",7,"Canada","B6L 1Z3",NULL
NULL,NULL,970,1,1,"home","905-525-9140 (H-BL)",NULL,NULL,"ASBESTOS",11,"Canada","J1T 3V2",NULL
NULL,NULL,971,1,1,"home","905-525-9140 (I-BL)",NULL,NULL,"THUNDER BAY",9,"Canada","P7A 8B7",NULL
NULL,NULL,972,1,1,"home","905-525-9140 (J-BL)",NULL,NULL,"RIVIERE-DU-LOUP",11,"Canada","G5R 4J5",NULL
NULL,NULL,973,1,1,"home","905-525-9140 (K-BL)",NULL,NULL,"SAULT STE. MARIE",9,"Canada","P6B 3P9",NULL
NULL,NULL,974,1,1,"home","905-525-9140 (L-BL)",NULL,NULL,"LONDON",9,"Canada","N6J 1X7",NULL
NULL,NULL,975,1,1,"home","905-525-9140 (M-BL)",NULL,NULL,"EAST CLIFFORD",7,"Canada","B4V 7S1",NULL
NULL,NULL,976,1,1,"home","905-525-9140 (N-BL)",NULL,NULL,"VANCOUVER",2,"Canada","V6A 3W4",NULL
NULL,NULL,977,1,1,"home","905-525-9140 (O-BL)",NULL,NULL,"MONTREAL",11,"Canada","H1L 3Z2",NULL
NULL,NULL,978,1,1,"home","905-525-9140 (P-BL)",NULL,NULL,"CHIPMAN",4,"Canada","E4A 3N6",NULL
NULL,NULL,979,1,1,"home","905-525-9140 (Q-BL)",NULL,NULL,"NEW WATERFORD",7,"Canada","B1H 4J5",NULL
NULL,NULL,980,1,1,"home","905-525-9140 (R-BL)",NULL,NULL,"SAINT-HUBERT",11,"Canada","J3Y 3A7",NULL
NULL,NULL,981,1,1,"home","905-525-9140 (S-BL)",NULL,NULL,"REPENTIGNY",11,"Canada","J6A 7G7",NULL
NULL,NULL,982,1,1,"home","905-525-9140 (T-BL)",NULL,NULL,"TORONTO",9,"Canada","M5T 1T1",NULL
NULL,NULL,983,1,1,"home","905-525-9140 (U-BL)",NULL,NULL,"CALGARY",1,"Canada","T3R 0G5",NULL
NULL,NULL,984,1,1,"home","905-525-9140 (V-BL)",NULL,NULL,"MONTREAL",11,"Canada","H1T 3N2",NULL
NULL,NULL,985,1,1,"home","905-525-9140 (W-BL)",NULL,NULL,"NANAIMO",2,"Canada","V9S 1Y8",NULL
NULL,NULL,986,1,1,"home","905-525-9140 (X-BL)",NULL,NULL,"LAKESIDE",4,"Canada","E5N 7H7",NULL
NULL,NULL,987,1,1,"home","905-525-9140 (Y-BL)",NULL,NULL,"OAKVILLE",9,"Canada","L6L 3N5",NULL
NULL,NULL,988,1,1,"home","905-525-9140 (Z-BL)",NULL,NULL,"GEORGETOWN",9,"Canada","L7G 1T9",NULL
NULL,NULL,989,1,1,"home","905-525-9140 (A-BM)",NULL,NULL,"LETHBRIDGE",1,"Canada","T1J 0G7",NULL
NULL,NULL,990,1,1,"home","905-525-9140 (B-BM)",NULL,NULL,"SAINT-EUSTACHE",11,"Canada","J7R 0C3",NULL
NULL,NULL,991,1,1,"home","905-525-9140 (C-BM)",NULL,NULL,"KINGSVILLE",9,"Canada","N9Y 3J7",NULL
NULL,NULL,992,1,1,"home","905-525-9140 (D-BM)",NULL,NULL,"SAULT STE. MARIE",9,"Canada","P6B 4Y3",NULL
NULL,NULL,993,1,1,"home","905-525-9140 (E-BM)",NULL,NULL,"LONDON",9,"Canada","N6G 4S3",NULL
NULL,NULL,994,1,1,"home","905-525-9140 (F-BM)",NULL,NULL,"CALGARY",1,"Canada","T2V 4W7",NULL
NULL,NULL,995,1,1,"home","905-525-9140 (G-BM)",NULL,NULL,"PRINCE GEORGE",2,"Canada","V2L 1H6",NULL
NULL,NULL,996,1,1,"home","905-525-9140 (H-BM)",NULL,NULL,"TERREBONNE",11,"Canada","J6X 1S3",NULL
NULL,NULL,997,1,1,"home","905-525-9140 (I-BM)",NULL,NULL,"LA TUQUE",11,"Canada","G9X 2E7",NULL
NULL,NULL,998,1,1,"home","905-525-9140 (J-BM)",NULL,NULL,"SAINT-JEAN-SUR-RICHELIEU",11,"Canada","J3B 1K9",NULL
NULL,NULL,999,1,1,"home","905-525-9140 (K-BM)",NULL,NULL,"BIG RIVER",4,"Canada","E2A 6V2",NULL
NULL,NULL,1000,1,1,"home","905-525-9140 (L-BM)",NULL,NULL,"CALGARY",1,"Canada","T3Z 3G3",NULL
