NULL,NULL,NULL,1,1,1,1,"home","905-525-9140 (A-AA)",NULL
NULL,NULL,NULL,2,2,1,1,"home","905-525-9140 (B-AA)",NULL
NULL,NULL,NULL,3,3,1,1,"home","905-525-9140 (C-AA)",NULL
NULL,NULL,NULL,4,4,1,1,"home","905-525-9140 (D-AA)",NULL
NULL,NULL,NULL,5,5,1,1,"home","905-525-9140 (E-AA)",NULL
NULL,NULL,NULL,6,6,1,1,"home","905-525-9140 (F-AA)",NULL
NULL,NULL,NULL,7,7,1,1,"home","905-525-9140 (G-AA)",NULL
NULL,NULL,NULL,8,8,1,1,"home","905-525-9140 (H-AA)",NULL
NULL,NULL,NULL,9,9,1,1,"home","905-525-9140 (I-AA)",NULL
NULL,NULL,NULL,10,10,1,1,"home","905-525-9140 (J-AA)",NULL
NULL,NULL,NULL,11,11,1,1,"home","905-525-9140 (K-AA)",NULL
NULL,NULL,NULL,12,12,1,1,"home","905-525-9140 (L-AA)",NULL
NULL,NULL,NULL,13,13,1,1,"home","905-525-9140 (M-AA)",NULL
NULL,NULL,NULL,14,14,1,1,"home","905-525-9140 (N-AA)",NULL
NULL,NULL,NULL,15,15,1,1,"home","905-525-9140 (O-AA)",NULL
NULL,NULL,NULL,16,16,1,1,"home","905-525-9140 (P-AA)",NULL
NULL,NULL,NULL,17,17,1,1,"home","905-525-9140 (Q-AA)",NULL
NULL,NULL,NULL,18,18,1,1,"home","905-525-9140 (R-AA)",NULL
NULL,NULL,NULL,19,19,1,1,"home","905-525-9140 (S-AA)",NULL
NULL,NULL,NULL,20,20,1,1,"home","905-525-9140 (T-AA)",NULL
NULL,NULL,NULL,21,21,1,1,"home","905-525-9140 (U-AA)",NULL
NULL,NULL,NULL,22,22,1,1,"home","905-525-9140 (V-AA)",NULL
NULL,NULL,NULL,23,23,1,1,"home","905-525-9140 (W-AA)",NULL
NULL,NULL,NULL,24,24,1,1,"home","905-525-9140 (X-AA)",NULL
NULL,NULL,NULL,25,25,1,1,"home","905-525-9140 (Y-AA)",NULL
NULL,NULL,NULL,26,26,1,1,"home","905-525-9140 (Z-AA)",NULL
NULL,NULL,NULL,27,27,1,1,"home","905-525-9140 (A-AB)",NULL
NULL,NULL,NULL,28,28,1,1,"home","905-525-9140 (B-AB)",NULL
NULL,NULL,NULL,29,29,1,1,"home","905-525-9140 (C-AB)",NULL
NULL,NULL,NULL,30,30,1,1,"home","905-525-9140 (D-AB)",NULL
NULL,NULL,NULL,31,31,1,1,"home","905-525-9140 (E-AB)",NULL
NULL,NULL,NULL,32,32,1,1,"home","905-525-9140 (F-AB)",NULL
NULL,NULL,NULL,33,33,1,1,"home","905-525-9140 (G-AB)",NULL
NULL,NULL,NULL,34,34,1,1,"home","905-525-9140 (H-AB)",NULL
NULL,NULL,NULL,35,35,1,1,"home","905-525-9140 (I-AB)",NULL
NULL,NULL,NULL,36,36,1,1,"home","905-525-9140 (J-AB)",NULL
NULL,NULL,NULL,37,37,1,1,"home","905-525-9140 (K-AB)",NULL
NULL,NULL,NULL,38,38,1,1,"home","905-525-9140 (L-AB)",NULL
NULL,NULL,NULL,39,39,1,1,"home","905-525-9140 (M-AB)",NULL
NULL,NULL,NULL,40,40,1,1,"home","905-525-9140 (N-AB)",NULL
NULL,NULL,NULL,41,41,1,1,"home","905-525-9140 (O-AB)",NULL
NULL,NULL,NULL,42,42,1,1,"home","905-525-9140 (P-AB)",NULL
NULL,NULL,NULL,43,43,1,1,"home","905-525-9140 (Q-AB)",NULL
NULL,NULL,NULL,44,44,1,1,"home","905-525-9140 (R-AB)",NULL
NULL,NULL,NULL,45,45,1,1,"home","905-525-9140 (S-AB)",NULL
NULL,NULL,NULL,46,46,1,1,"home","905-525-9140 (T-AB)",NULL
NULL,NULL,NULL,47,47,1,1,"home","905-525-9140 (U-AB)",NULL
NULL,NULL,NULL,48,48,1,1,"home","905-525-9140 (V-AB)",NULL
NULL,NULL,NULL,49,49,1,1,"home","905-525-9140 (W-AB)",NULL
NULL,NULL,NULL,50,50,1,1,"home","905-525-9140 (X-AB)",NULL
NULL,NULL,NULL,51,51,1,1,"home","905-525-9140 (Y-AB)",NULL
NULL,NULL,NULL,52,52,1,1,"home","905-525-9140 (Z-AB)",NULL
NULL,NULL,NULL,53,53,1,1,"home","905-525-9140 (A-AC)",NULL
NULL,NULL,NULL,54,54,1,1,"home","905-525-9140 (B-AC)",NULL
NULL,NULL,NULL,55,55,1,1,"home","905-525-9140 (C-AC)",NULL
NULL,NULL,NULL,56,56,1,1,"home","905-525-9140 (D-AC)",NULL
NULL,NULL,NULL,57,57,1,1,"home","905-525-9140 (E-AC)",NULL
NULL,NULL,NULL,58,58,1,1,"home","905-525-9140 (F-AC)",NULL
NULL,NULL,NULL,59,59,1,1,"home","905-525-9140 (G-AC)",NULL
NULL,NULL,NULL,60,60,1,1,"home","905-525-9140 (H-AC)",NULL
NULL,NULL,NULL,61,61,1,1,"home","905-525-9140 (I-AC)",NULL
NULL,NULL,NULL,62,62,1,1,"home","905-525-9140 (J-AC)",NULL
NULL,NULL,NULL,63,63,1,1,"home","905-525-9140 (K-AC)",NULL
NULL,NULL,NULL,64,64,1,1,"home","905-525-9140 (L-AC)",NULL
NULL,NULL,NULL,65,65,1,1,"home","905-525-9140 (M-AC)",NULL
NULL,NULL,NULL,66,66,1,1,"home","905-525-9140 (N-AC)",NULL
NULL,NULL,NULL,67,67,1,1,"home","905-525-9140 (O-AC)",NULL
NULL,NULL,NULL,68,68,1,1,"home","905-525-9140 (P-AC)",NULL
NULL,NULL,NULL,69,69,1,1,"home","905-525-9140 (Q-AC)",NULL
NULL,NULL,NULL,70,70,1,1,"home","905-525-9140 (R-AC)",NULL
NULL,NULL,NULL,71,71,1,1,"home","905-525-9140 (S-AC)",NULL
NULL,NULL,NULL,72,72,1,1,"home","905-525-9140 (T-AC)",NULL
NULL,NULL,NULL,73,73,1,1,"home","905-525-9140 (U-AC)",NULL
NULL,NULL,NULL,74,74,1,1,"home","905-525-9140 (V-AC)",NULL
NULL,NULL,NULL,75,75,1,1,"home","905-525-9140 (W-AC)",NULL
NULL,NULL,NULL,76,76,1,1,"home","905-525-9140 (X-AC)",NULL
NULL,NULL,NULL,77,77,1,1,"home","905-525-9140 (Y-AC)",NULL
NULL,NULL,NULL,78,78,1,1,"home","905-525-9140 (Z-AC)",NULL
NULL,NULL,NULL,79,79,1,1,"home","905-525-9140 (A-AD)",NULL
NULL,NULL,NULL,80,80,1,1,"home","905-525-9140 (B-AD)",NULL
NULL,NULL,NULL,81,81,1,1,"home","905-525-9140 (C-AD)",NULL
NULL,NULL,NULL,82,82,1,1,"home","905-525-9140 (D-AD)",NULL
NULL,NULL,NULL,83,83,1,1,"home","905-525-9140 (E-AD)",NULL
NULL,NULL,NULL,84,84,1,1,"home","905-525-9140 (F-AD)",NULL
NULL,NULL,NULL,85,85,1,1,"home","905-525-9140 (G-AD)",NULL
NULL,NULL,NULL,86,86,1,1,"home","905-525-9140 (H-AD)",NULL
NULL,NULL,NULL,87,87,1,1,"home","905-525-9140 (I-AD)",NULL
NULL,NULL,NULL,88,88,1,1,"home","905-525-9140 (J-AD)",NULL
NULL,NULL,NULL,89,89,1,1,"home","905-525-9140 (K-AD)",NULL
NULL,NULL,NULL,90,90,1,1,"home","905-525-9140 (L-AD)",NULL
NULL,NULL,NULL,91,91,1,1,"home","905-525-9140 (M-AD)",NULL
NULL,NULL,NULL,92,92,1,1,"home","905-525-9140 (N-AD)",NULL
NULL,NULL,NULL,93,93,1,1,"home","905-525-9140 (O-AD)",NULL
NULL,NULL,NULL,94,94,1,1,"home","905-525-9140 (P-AD)",NULL
NULL,NULL,NULL,95,95,1,1,"home","905-525-9140 (Q-AD)",NULL
NULL,NULL,NULL,96,96,1,1,"home","905-525-9140 (R-AD)",NULL
NULL,NULL,NULL,97,97,1,1,"home","905-525-9140 (S-AD)",NULL
NULL,NULL,NULL,98,98,1,1,"home","905-525-9140 (T-AD)",NULL
NULL,NULL,NULL,99,99,1,1,"home","905-525-9140 (U-AD)",NULL
NULL,NULL,NULL,100,100,1,1,"home","905-525-9140 (V-AD)",NULL
NULL,NULL,NULL,101,101,1,1,"home","905-525-9140 (W-AD)",NULL
NULL,NULL,NULL,102,102,1,1,"home","905-525-9140 (X-AD)",NULL
NULL,NULL,NULL,103,103,1,1,"home","905-525-9140 (Y-AD)",NULL
NULL,NULL,NULL,104,104,1,1,"home","905-525-9140 (Z-AD)",NULL
NULL,NULL,NULL,105,105,1,1,"home","905-525-9140 (A-AE)",NULL
NULL,NULL,NULL,106,106,1,1,"home","905-525-9140 (B-AE)",NULL
NULL,NULL,NULL,107,107,1,1,"home","905-525-9140 (C-AE)",NULL
NULL,NULL,NULL,108,108,1,1,"home","905-525-9140 (D-AE)",NULL
NULL,NULL,NULL,109,109,1,1,"home","905-525-9140 (E-AE)",NULL
NULL,NULL,NULL,110,110,1,1,"home","905-525-9140 (F-AE)",NULL
NULL,NULL,NULL,111,111,1,1,"home","905-525-9140 (G-AE)",NULL
NULL,NULL,NULL,112,112,1,1,"home","905-525-9140 (H-AE)",NULL
NULL,NULL,NULL,113,113,1,1,"home","905-525-9140 (I-AE)",NULL
NULL,NULL,NULL,114,114,1,1,"home","905-525-9140 (J-AE)",NULL
NULL,NULL,NULL,115,115,1,1,"home","905-525-9140 (K-AE)",NULL
NULL,NULL,NULL,116,116,1,1,"home","905-525-9140 (L-AE)",NULL
NULL,NULL,NULL,117,117,1,1,"home","905-525-9140 (M-AE)",NULL
NULL,NULL,NULL,118,118,1,1,"home","905-525-9140 (N-AE)",NULL
NULL,NULL,NULL,119,119,1,1,"home","905-525-9140 (O-AE)",NULL
NULL,NULL,NULL,120,120,1,1,"home","905-525-9140 (P-AE)",NULL
NULL,NULL,NULL,121,121,1,1,"home","905-525-9140 (Q-AE)",NULL
NULL,NULL,NULL,122,122,1,1,"home","905-525-9140 (R-AE)",NULL
NULL,NULL,NULL,123,123,1,1,"home","905-525-9140 (S-AE)",NULL
NULL,NULL,NULL,124,124,1,1,"home","905-525-9140 (T-AE)",NULL
NULL,NULL,NULL,125,125,1,1,"home","905-525-9140 (U-AE)",NULL
NULL,NULL,NULL,126,126,1,1,"home","905-525-9140 (V-AE)",NULL
NULL,NULL,NULL,127,127,1,1,"home","905-525-9140 (W-AE)",NULL
NULL,NULL,NULL,128,128,1,1,"home","905-525-9140 (X-AE)",NULL
NULL,NULL,NULL,129,129,1,1,"home","905-525-9140 (Y-AE)",NULL
NULL,NULL,NULL,130,130,1,1,"home","905-525-9140 (Z-AE)",NULL
NULL,NULL,NULL,131,131,1,1,"home","905-525-9140 (A-AF)",NULL
NULL,NULL,NULL,132,132,1,1,"home","905-525-9140 (B-AF)",NULL
NULL,NULL,NULL,133,133,1,1,"home","905-525-9140 (C-AF)",NULL
NULL,NULL,NULL,134,134,1,1,"home","905-525-9140 (D-AF)",NULL
NULL,NULL,NULL,135,135,1,1,"home","905-525-9140 (E-AF)",NULL
NULL,NULL,NULL,136,136,1,1,"home","905-525-9140 (F-AF)",NULL
NULL,NULL,NULL,137,137,1,1,"home","905-525-9140 (G-AF)",NULL
NULL,NULL,NULL,138,138,1,1,"home","905-525-9140 (H-AF)",NULL
NULL,NULL,NULL,139,139,1,1,"home","905-525-9140 (I-AF)",NULL
NULL,NULL,NULL,140,140,1,1,"home","905-525-9140 (J-AF)",NULL
NULL,NULL,NULL,141,141,1,1,"home","905-525-9140 (K-AF)",NULL
NULL,NULL,NULL,142,142,1,1,"home","905-525-9140 (L-AF)",NULL
NULL,NULL,NULL,143,143,1,1,"home","905-525-9140 (M-AF)",NULL
NULL,NULL,NULL,144,144,1,1,"home","905-525-9140 (N-AF)",NULL
NULL,NULL,NULL,145,145,1,1,"home","905-525-9140 (O-AF)",NULL
NULL,NULL,NULL,146,146,1,1,"home","905-525-9140 (P-AF)",NULL
NULL,NULL,NULL,147,147,1,1,"home","905-525-9140 (Q-AF)",NULL
NULL,NULL,NULL,148,148,1,1,"home","905-525-9140 (R-AF)",NULL
NULL,NULL,NULL,149,149,1,1,"home","905-525-9140 (S-AF)",NULL
NULL,NULL,NULL,150,150,1,1,"home","905-525-9140 (T-AF)",NULL
NULL,NULL,NULL,151,151,1,1,"home","905-525-9140 (U-AF)",NULL
NULL,NULL,NULL,152,152,1,1,"home","905-525-9140 (V-AF)",NULL
NULL,NULL,NULL,153,153,1,1,"home","905-525-9140 (W-AF)",NULL
NULL,NULL,NULL,154,154,1,1,"home","905-525-9140 (X-AF)",NULL
NULL,NULL,NULL,155,155,1,1,"home","905-525-9140 (Y-AF)",NULL
NULL,NULL,NULL,156,156,1,1,"home","905-525-9140 (Z-AF)",NULL
NULL,NULL,NULL,157,157,1,1,"home","905-525-9140 (A-AG)",NULL
NULL,NULL,NULL,158,158,1,1,"home","905-525-9140 (B-AG)",NULL
NULL,NULL,NULL,159,159,1,1,"home","905-525-9140 (C-AG)",NULL
NULL,NULL,NULL,160,160,1,1,"home","905-525-9140 (D-AG)",NULL
NULL,NULL,NULL,161,161,1,1,"home","905-525-9140 (E-AG)",NULL
NULL,NULL,NULL,162,162,1,1,"home","905-525-9140 (F-AG)",NULL
NULL,NULL,NULL,163,163,1,1,"home","905-525-9140 (G-AG)",NULL
NULL,NULL,NULL,164,164,1,1,"home","905-525-9140 (H-AG)",NULL
NULL,NULL,NULL,165,165,1,1,"home","905-525-9140 (I-AG)",NULL
NULL,NULL,NULL,166,166,1,1,"home","905-525-9140 (J-AG)",NULL
NULL,NULL,NULL,167,167,1,1,"home","905-525-9140 (K-AG)",NULL
NULL,NULL,NULL,168,168,1,1,"home","905-525-9140 (L-AG)",NULL
NULL,NULL,NULL,169,169,1,1,"home","905-525-9140 (M-AG)",NULL
NULL,NULL,NULL,170,170,1,1,"home","905-525-9140 (N-AG)",NULL
NULL,NULL,NULL,171,171,1,1,"home","905-525-9140 (O-AG)",NULL
NULL,NULL,NULL,172,172,1,1,"home","905-525-9140 (P-AG)",NULL
NULL,NULL,NULL,173,173,1,1,"home","905-525-9140 (Q-AG)",NULL
NULL,NULL,NULL,174,174,1,1,"home","905-525-9140 (R-AG)",NULL
NULL,NULL,NULL,175,175,1,1,"home","905-525-9140 (S-AG)",NULL
NULL,NULL,NULL,176,176,1,1,"home","905-525-9140 (T-AG)",NULL
NULL,NULL,NULL,177,177,1,1,"home","905-525-9140 (U-AG)",NULL
NULL,NULL,NULL,178,178,1,1,"home","905-525-9140 (V-AG)",NULL
NULL,NULL,NULL,179,179,1,1,"home","905-525-9140 (W-AG)",NULL
NULL,NULL,NULL,180,180,1,1,"home","905-525-9140 (X-AG)",NULL
NULL,NULL,NULL,181,181,1,1,"home","905-525-9140 (Y-AG)",NULL
NULL,NULL,NULL,182,182,1,1,"home","905-525-9140 (Z-AG)",NULL
NULL,NULL,NULL,183,183,1,1,"home","905-525-9140 (A-AH)",NULL
NULL,NULL,NULL,184,184,1,1,"home","905-525-9140 (B-AH)",NULL
NULL,NULL,NULL,185,185,1,1,"home","905-525-9140 (C-AH)",NULL
NULL,NULL,NULL,186,186,1,1,"home","905-525-9140 (D-AH)",NULL
NULL,NULL,NULL,187,187,1,1,"home","905-525-9140 (E-AH)",NULL
NULL,NULL,NULL,188,188,1,1,"home","905-525-9140 (F-AH)",NULL
NULL,NULL,NULL,189,189,1,1,"home","905-525-9140 (G-AH)",NULL
NULL,NULL,NULL,190,190,1,1,"home","905-525-9140 (H-AH)",NULL
NULL,NULL,NULL,191,191,1,1,"home","905-525-9140 (I-AH)",NULL
NULL,NULL,NULL,192,192,1,1,"home","905-525-9140 (J-AH)",NULL
NULL,NULL,NULL,193,193,1,1,"home","905-525-9140 (K-AH)",NULL
NULL,NULL,NULL,194,194,1,1,"home","905-525-9140 (L-AH)",NULL
NULL,NULL,NULL,195,195,1,1,"home","905-525-9140 (M-AH)",NULL
NULL,NULL,NULL,196,196,1,1,"home","905-525-9140 (N-AH)",NULL
NULL,NULL,NULL,197,197,1,1,"home","905-525-9140 (O-AH)",NULL
NULL,NULL,NULL,198,198,1,1,"home","905-525-9140 (P-AH)",NULL
NULL,NULL,NULL,199,199,1,1,"home","905-525-9140 (Q-AH)",NULL
NULL,NULL,NULL,200,200,1,1,"home","905-525-9140 (R-AH)",NULL
NULL,NULL,NULL,201,201,1,1,"home","905-525-9140 (S-AH)",NULL
NULL,NULL,NULL,202,202,1,1,"home","905-525-9140 (T-AH)",NULL
NULL,NULL,NULL,203,203,1,1,"home","905-525-9140 (U-AH)",NULL
NULL,NULL,NULL,204,204,1,1,"home","905-525-9140 (V-AH)",NULL
NULL,NULL,NULL,205,205,1,1,"home","905-525-9140 (W-AH)",NULL
NULL,NULL,NULL,206,206,1,1,"home","905-525-9140 (X-AH)",NULL
NULL,NULL,NULL,207,207,1,1,"home","905-525-9140 (Y-AH)",NULL
NULL,NULL,NULL,208,208,1,1,"home","905-525-9140 (Z-AH)",NULL
NULL,NULL,NULL,209,209,1,1,"home","905-525-9140 (A-AI)",NULL
NULL,NULL,NULL,210,210,1,1,"home","905-525-9140 (B-AI)",NULL
NULL,NULL,NULL,211,211,1,1,"home","905-525-9140 (C-AI)",NULL
NULL,NULL,NULL,212,212,1,1,"home","905-525-9140 (D-AI)",NULL
NULL,NULL,NULL,213,213,1,1,"home","905-525-9140 (E-AI)",NULL
NULL,NULL,NULL,214,214,1,1,"home","905-525-9140 (F-AI)",NULL
NULL,NULL,NULL,215,215,1,1,"home","905-525-9140 (G-AI)",NULL
NULL,NULL,NULL,216,216,1,1,"home","905-525-9140 (H-AI)",NULL
NULL,NULL,NULL,217,217,1,1,"home","905-525-9140 (I-AI)",NULL
NULL,NULL,NULL,218,218,1,1,"home","905-525-9140 (J-AI)",NULL
NULL,NULL,NULL,219,219,1,1,"home","905-525-9140 (K-AI)",NULL
NULL,NULL,NULL,220,220,1,1,"home","905-525-9140 (L-AI)",NULL
NULL,NULL,NULL,221,221,1,1,"home","905-525-9140 (M-AI)",NULL
NULL,NULL,NULL,222,222,1,1,"home","905-525-9140 (N-AI)",NULL
NULL,NULL,NULL,223,223,1,1,"home","905-525-9140 (O-AI)",NULL
NULL,NULL,NULL,224,224,1,1,"home","905-525-9140 (P-AI)",NULL
NULL,NULL,NULL,225,225,1,1,"home","905-525-9140 (Q-AI)",NULL
NULL,NULL,NULL,226,226,1,1,"home","905-525-9140 (R-AI)",NULL
NULL,NULL,NULL,227,227,1,1,"home","905-525-9140 (S-AI)",NULL
NULL,NULL,NULL,228,228,1,1,"home","905-525-9140 (T-AI)",NULL
NULL,NULL,NULL,229,229,1,1,"home","905-525-9140 (U-AI)",NULL
NULL,NULL,NULL,230,230,1,1,"home","905-525-9140 (V-AI)",NULL
NULL,NULL,NULL,231,231,1,1,"home","905-525-9140 (W-AI)",NULL
NULL,NULL,NULL,232,232,1,1,"home","905-525-9140 (X-AI)",NULL
NULL,NULL,NULL,233,233,1,1,"home","905-525-9140 (Y-AI)",NULL
NULL,NULL,NULL,234,234,1,1,"home","905-525-9140 (Z-AI)",NULL
NULL,NULL,NULL,235,235,1,1,"home","905-525-9140 (A-AJ)",NULL
NULL,NULL,NULL,236,236,1,1,"home","905-525-9140 (B-AJ)",NULL
NULL,NULL,NULL,237,237,1,1,"home","905-525-9140 (C-AJ)",NULL
NULL,NULL,NULL,238,238,1,1,"home","905-525-9140 (D-AJ)",NULL
NULL,NULL,NULL,239,239,1,1,"home","905-525-9140 (E-AJ)",NULL
NULL,NULL,NULL,240,240,1,1,"home","905-525-9140 (F-AJ)",NULL
NULL,NULL,NULL,241,241,1,1,"home","905-525-9140 (G-AJ)",NULL
NULL,NULL,NULL,242,242,1,1,"home","905-525-9140 (H-AJ)",NULL
NULL,NULL,NULL,243,243,1,1,"home","905-525-9140 (I-AJ)",NULL
NULL,NULL,NULL,244,244,1,1,"home","905-525-9140 (J-AJ)",NULL
NULL,NULL,NULL,245,245,1,1,"home","905-525-9140 (K-AJ)",NULL
NULL,NULL,NULL,246,246,1,1,"home","905-525-9140 (L-AJ)",NULL
NULL,NULL,NULL,247,247,1,1,"home","905-525-9140 (M-AJ)",NULL
NULL,NULL,NULL,248,248,1,1,"home","905-525-9140 (N-AJ)",NULL
NULL,NULL,NULL,249,249,1,1,"home","905-525-9140 (O-AJ)",NULL
NULL,NULL,NULL,250,250,1,1,"home","905-525-9140 (P-AJ)",NULL
NULL,NULL,NULL,251,251,1,1,"home","905-525-9140 (Q-AJ)",NULL
NULL,NULL,NULL,252,252,1,1,"home","905-525-9140 (R-AJ)",NULL
NULL,NULL,NULL,253,253,1,1,"home","905-525-9140 (S-AJ)",NULL
NULL,NULL,NULL,254,254,1,1,"home","905-525-9140 (T-AJ)",NULL
NULL,NULL,NULL,255,255,1,1,"home","905-525-9140 (U-AJ)",NULL
NULL,NULL,NULL,256,256,1,1,"home","905-525-9140 (V-AJ)",NULL
NULL,NULL,NULL,257,257,1,1,"home","905-525-9140 (W-AJ)",NULL
NULL,NULL,NULL,258,258,1,1,"home","905-525-9140 (X-AJ)",NULL
NULL,NULL,NULL,259,259,1,1,"home","905-525-9140 (Y-AJ)",NULL
NULL,NULL,NULL,260,260,1,1,"home","905-525-9140 (Z-AJ)",NULL
NULL,NULL,NULL,261,261,1,1,"home","905-525-9140 (A-AK)",NULL
NULL,NULL,NULL,262,262,1,1,"home","905-525-9140 (B-AK)",NULL
NULL,NULL,NULL,263,263,1,1,"home","905-525-9140 (C-AK)",NULL
NULL,NULL,NULL,264,264,1,1,"home","905-525-9140 (D-AK)",NULL
NULL,NULL,NULL,265,265,1,1,"home","905-525-9140 (E-AK)",NULL
NULL,NULL,NULL,266,266,1,1,"home","905-525-9140 (F-AK)",NULL
NULL,NULL,NULL,267,267,1,1,"home","905-525-9140 (G-AK)",NULL
NULL,NULL,NULL,268,268,1,1,"home","905-525-9140 (H-AK)",NULL
NULL,NULL,NULL,269,269,1,1,"home","905-525-9140 (I-AK)",NULL
NULL,NULL,NULL,270,270,1,1,"home","905-525-9140 (J-AK)",NULL
NULL,NULL,NULL,271,271,1,1,"home","905-525-9140 (K-AK)",NULL
NULL,NULL,NULL,272,272,1,1,"home","905-525-9140 (L-AK)",NULL
NULL,NULL,NULL,273,273,1,1,"home","905-525-9140 (M-AK)",NULL
NULL,NULL,NULL,274,274,1,1,"home","905-525-9140 (N-AK)",NULL
NULL,NULL,NULL,275,275,1,1,"home","905-525-9140 (O-AK)",NULL
NULL,NULL,NULL,276,276,1,1,"home","905-525-9140 (P-AK)",NULL
NULL,NULL,NULL,277,277,1,1,"home","905-525-9140 (Q-AK)",NULL
NULL,NULL,NULL,278,278,1,1,"home","905-525-9140 (R-AK)",NULL
NULL,NULL,NULL,279,279,1,1,"home","905-525-9140 (S-AK)",NULL
NULL,NULL,NULL,280,280,1,1,"home","905-525-9140 (T-AK)",NULL
NULL,NULL,NULL,281,281,1,1,"home","905-525-9140 (U-AK)",NULL
NULL,NULL,NULL,282,282,1,1,"home","905-525-9140 (V-AK)",NULL
NULL,NULL,NULL,283,283,1,1,"home","905-525-9140 (W-AK)",NULL
NULL,NULL,NULL,284,284,1,1,"home","905-525-9140 (X-AK)",NULL
NULL,NULL,NULL,285,285,1,1,"home","905-525-9140 (Y-AK)",NULL
NULL,NULL,NULL,286,286,1,1,"home","905-525-9140 (Z-AK)",NULL
NULL,NULL,NULL,287,287,1,1,"home","905-525-9140 (A-AL)",NULL
NULL,NULL,NULL,288,288,1,1,"home","905-525-9140 (B-AL)",NULL
NULL,NULL,NULL,289,289,1,1,"home","905-525-9140 (C-AL)",NULL
NULL,NULL,NULL,290,290,1,1,"home","905-525-9140 (D-AL)",NULL
NULL,NULL,NULL,291,291,1,1,"home","905-525-9140 (E-AL)",NULL
NULL,NULL,NULL,292,292,1,1,"home","905-525-9140 (F-AL)",NULL
NULL,NULL,NULL,293,293,1,1,"home","905-525-9140 (G-AL)",NULL
NULL,NULL,NULL,294,294,1,1,"home","905-525-9140 (H-AL)",NULL
NULL,NULL,NULL,295,295,1,1,"home","905-525-9140 (I-AL)",NULL
NULL,NULL,NULL,296,296,1,1,"home","905-525-9140 (J-AL)",NULL
NULL,NULL,NULL,297,297,1,1,"home","905-525-9140 (K-AL)",NULL
NULL,NULL,NULL,298,298,1,1,"home","905-525-9140 (L-AL)",NULL
NULL,NULL,NULL,299,299,1,1,"home","905-525-9140 (M-AL)",NULL
NULL,NULL,NULL,300,300,1,1,"home","905-525-9140 (N-AL)",NULL
NULL,NULL,NULL,301,301,1,1,"home","905-525-9140 (O-AL)",NULL
NULL,NULL,NULL,302,302,1,1,"home","905-525-9140 (P-AL)",NULL
NULL,NULL,NULL,303,303,1,1,"home","905-525-9140 (Q-AL)",NULL
NULL,NULL,NULL,304,304,1,1,"home","905-525-9140 (R-AL)",NULL
NULL,NULL,NULL,305,305,1,1,"home","905-525-9140 (S-AL)",NULL
NULL,NULL,NULL,306,306,1,1,"home","905-525-9140 (T-AL)",NULL
NULL,NULL,NULL,307,307,1,1,"home","905-525-9140 (U-AL)",NULL
NULL,NULL,NULL,308,308,1,1,"home","905-525-9140 (V-AL)",NULL
NULL,NULL,NULL,309,309,1,1,"home","905-525-9140 (W-AL)",NULL
NULL,NULL,NULL,310,310,1,1,"home","905-525-9140 (X-AL)",NULL
NULL,NULL,NULL,311,311,1,1,"home","905-525-9140 (Y-AL)",NULL
NULL,NULL,NULL,312,312,1,1,"home","905-525-9140 (Z-AL)",NULL
NULL,NULL,NULL,313,313,1,1,"home","905-525-9140 (A-AM)",NULL
NULL,NULL,NULL,314,314,1,1,"home","905-525-9140 (B-AM)",NULL
NULL,NULL,NULL,315,315,1,1,"home","905-525-9140 (C-AM)",NULL
NULL,NULL,NULL,316,316,1,1,"home","905-525-9140 (D-AM)",NULL
NULL,NULL,NULL,317,317,1,1,"home","905-525-9140 (E-AM)",NULL
NULL,NULL,NULL,318,318,1,1,"home","905-525-9140 (F-AM)",NULL
NULL,NULL,NULL,319,319,1,1,"home","905-525-9140 (G-AM)",NULL
NULL,NULL,NULL,320,320,1,1,"home","905-525-9140 (H-AM)",NULL
NULL,NULL,NULL,321,321,1,1,"home","905-525-9140 (I-AM)",NULL
NULL,NULL,NULL,322,322,1,1,"home","905-525-9140 (J-AM)",NULL
NULL,NULL,NULL,323,323,1,1,"home","905-525-9140 (K-AM)",NULL
NULL,NULL,NULL,324,324,1,1,"home","905-525-9140 (L-AM)",NULL
NULL,NULL,NULL,325,325,1,1,"home","905-525-9140 (M-AM)",NULL
NULL,NULL,NULL,326,326,1,1,"home","905-525-9140 (N-AM)",NULL
NULL,NULL,NULL,327,327,1,1,"home","905-525-9140 (O-AM)",NULL
NULL,NULL,NULL,328,328,1,1,"home","905-525-9140 (P-AM)",NULL
NULL,NULL,NULL,329,329,1,1,"home","905-525-9140 (Q-AM)",NULL
NULL,NULL,NULL,330,330,1,1,"home","905-525-9140 (R-AM)",NULL
NULL,NULL,NULL,331,331,1,1,"home","905-525-9140 (S-AM)",NULL
NULL,NULL,NULL,332,332,1,1,"home","905-525-9140 (T-AM)",NULL
NULL,NULL,NULL,333,333,1,1,"home","905-525-9140 (U-AM)",NULL
NULL,NULL,NULL,334,334,1,1,"home","905-525-9140 (V-AM)",NULL
NULL,NULL,NULL,335,335,1,1,"home","905-525-9140 (W-AM)",NULL
NULL,NULL,NULL,336,336,1,1,"home","905-525-9140 (X-AM)",NULL
NULL,NULL,NULL,337,337,1,1,"home","905-525-9140 (Y-AM)",NULL
NULL,NULL,NULL,338,338,1,1,"home","905-525-9140 (Z-AM)",NULL
NULL,NULL,NULL,339,339,1,1,"home","905-525-9140 (A-AN)",NULL
NULL,NULL,NULL,340,340,1,1,"home","905-525-9140 (B-AN)",NULL
NULL,NULL,NULL,341,341,1,1,"home","905-525-9140 (C-AN)",NULL
NULL,NULL,NULL,342,342,1,1,"home","905-525-9140 (D-AN)",NULL
NULL,NULL,NULL,343,343,1,1,"home","905-525-9140 (E-AN)",NULL
NULL,NULL,NULL,344,344,1,1,"home","905-525-9140 (F-AN)",NULL
NULL,NULL,NULL,345,345,1,1,"home","905-525-9140 (G-AN)",NULL
NULL,NULL,NULL,346,346,1,1,"home","905-525-9140 (H-AN)",NULL
NULL,NULL,NULL,347,347,1,1,"home","905-525-9140 (I-AN)",NULL
NULL,NULL,NULL,348,348,1,1,"home","905-525-9140 (J-AN)",NULL
NULL,NULL,NULL,349,349,1,1,"home","905-525-9140 (K-AN)",NULL
NULL,NULL,NULL,350,350,1,1,"home","905-525-9140 (L-AN)",NULL
NULL,NULL,NULL,351,351,1,1,"home","905-525-9140 (M-AN)",NULL
NULL,NULL,NULL,352,352,1,1,"home","905-525-9140 (N-AN)",NULL
NULL,NULL,NULL,353,353,1,1,"home","905-525-9140 (O-AN)",NULL
NULL,NULL,NULL,354,354,1,1,"home","905-525-9140 (P-AN)",NULL
NULL,NULL,NULL,355,355,1,1,"home","905-525-9140 (Q-AN)",NULL
NULL,NULL,NULL,356,356,1,1,"home","905-525-9140 (R-AN)",NULL
NULL,NULL,NULL,357,357,1,1,"home","905-525-9140 (S-AN)",NULL
NULL,NULL,NULL,358,358,1,1,"home","905-525-9140 (T-AN)",NULL
NULL,NULL,NULL,359,359,1,1,"home","905-525-9140 (U-AN)",NULL
NULL,NULL,NULL,360,360,1,1,"home","905-525-9140 (V-AN)",NULL
NULL,NULL,NULL,361,361,1,1,"home","905-525-9140 (W-AN)",NULL
NULL,NULL,NULL,362,362,1,1,"home","905-525-9140 (X-AN)",NULL
NULL,NULL,NULL,363,363,1,1,"home","905-525-9140 (Y-AN)",NULL
NULL,NULL,NULL,364,364,1,1,"home","905-525-9140 (Z-AN)",NULL
NULL,NULL,NULL,365,365,1,1,"home","905-525-9140 (A-AO)",NULL
NULL,NULL,NULL,366,366,1,1,"home","905-525-9140 (B-AO)",NULL
NULL,NULL,NULL,367,367,1,1,"home","905-525-9140 (C-AO)",NULL
NULL,NULL,NULL,368,368,1,1,"home","905-525-9140 (D-AO)",NULL
NULL,NULL,NULL,369,369,1,1,"home","905-525-9140 (E-AO)",NULL
NULL,NULL,NULL,370,370,1,1,"home","905-525-9140 (F-AO)",NULL
NULL,NULL,NULL,371,371,1,1,"home","905-525-9140 (G-AO)",NULL
NULL,NULL,NULL,372,372,1,1,"home","905-525-9140 (H-AO)",NULL
NULL,NULL,NULL,373,373,1,1,"home","905-525-9140 (I-AO)",NULL
NULL,NULL,NULL,374,374,1,1,"home","905-525-9140 (J-AO)",NULL
NULL,NULL,NULL,375,375,1,1,"home","905-525-9140 (K-AO)",NULL
NULL,NULL,NULL,376,376,1,1,"home","905-525-9140 (L-AO)",NULL
NULL,NULL,NULL,377,377,1,1,"home","905-525-9140 (M-AO)",NULL
NULL,NULL,NULL,378,378,1,1,"home","905-525-9140 (N-AO)",NULL
NULL,NULL,NULL,379,379,1,1,"home","905-525-9140 (O-AO)",NULL
NULL,NULL,NULL,380,380,1,1,"home","905-525-9140 (P-AO)",NULL
NULL,NULL,NULL,381,381,1,1,"home","905-525-9140 (Q-AO)",NULL
NULL,NULL,NULL,382,382,1,1,"home","905-525-9140 (R-AO)",NULL
NULL,NULL,NULL,383,383,1,1,"home","905-525-9140 (S-AO)",NULL
NULL,NULL,NULL,384,384,1,1,"home","905-525-9140 (T-AO)",NULL
NULL,NULL,NULL,385,385,1,1,"home","905-525-9140 (U-AO)",NULL
NULL,NULL,NULL,386,386,1,1,"home","905-525-9140 (V-AO)",NULL
NULL,NULL,NULL,387,387,1,1,"home","905-525-9140 (W-AO)",NULL
NULL,NULL,NULL,388,388,1,1,"home","905-525-9140 (X-AO)",NULL
NULL,NULL,NULL,389,389,1,1,"home","905-525-9140 (Y-AO)",NULL
NULL,NULL,NULL,390,390,1,1,"home","905-525-9140 (Z-AO)",NULL
NULL,NULL,NULL,391,391,1,1,"home","905-525-9140 (A-AP)",NULL
NULL,NULL,NULL,392,392,1,1,"home","905-525-9140 (B-AP)",NULL
NULL,NULL,NULL,393,393,1,1,"home","905-525-9140 (C-AP)",NULL
NULL,NULL,NULL,394,394,1,1,"home","905-525-9140 (D-AP)",NULL
NULL,NULL,NULL,395,395,1,1,"home","905-525-9140 (E-AP)",NULL
NULL,NULL,NULL,396,396,1,1,"home","905-525-9140 (F-AP)",NULL
NULL,NULL,NULL,397,397,1,1,"home","905-525-9140 (G-AP)",NULL
NULL,NULL,NULL,398,398,1,1,"home","905-525-9140 (H-AP)",NULL
NULL,NULL,NULL,399,399,1,1,"home","905-525-9140 (I-AP)",NULL
NULL,NULL,NULL,400,400,1,1,"home","905-525-9140 (J-AP)",NULL
NULL,NULL,NULL,401,401,1,1,"home","905-525-9140 (K-AP)",NULL
NULL,NULL,NULL,402,402,1,1,"home","905-525-9140 (L-AP)",NULL
NULL,NULL,NULL,403,403,1,1,"home","905-525-9140 (M-AP)",NULL
NULL,NULL,NULL,404,404,1,1,"home","905-525-9140 (N-AP)",NULL
NULL,NULL,NULL,405,405,1,1,"home","905-525-9140 (O-AP)",NULL
NULL,NULL,NULL,406,406,1,1,"home","905-525-9140 (P-AP)",NULL
NULL,NULL,NULL,407,407,1,1,"home","905-525-9140 (Q-AP)",NULL
NULL,NULL,NULL,408,408,1,1,"home","905-525-9140 (R-AP)",NULL
NULL,NULL,NULL,409,409,1,1,"home","905-525-9140 (S-AP)",NULL
NULL,NULL,NULL,410,410,1,1,"home","905-525-9140 (T-AP)",NULL
NULL,NULL,NULL,411,411,1,1,"home","905-525-9140 (U-AP)",NULL
NULL,NULL,NULL,412,412,1,1,"home","905-525-9140 (V-AP)",NULL
NULL,NULL,NULL,413,413,1,1,"home","905-525-9140 (W-AP)",NULL
NULL,NULL,NULL,414,414,1,1,"home","905-525-9140 (X-AP)",NULL
NULL,NULL,NULL,415,415,1,1,"home","905-525-9140 (Y-AP)",NULL
NULL,NULL,NULL,416,416,1,1,"home","905-525-9140 (Z-AP)",NULL
NULL,NULL,NULL,417,417,1,1,"home","905-525-9140 (A-AQ)",NULL
NULL,NULL,NULL,418,418,1,1,"home","905-525-9140 (B-AQ)",NULL
NULL,NULL,NULL,419,419,1,1,"home","905-525-9140 (C-AQ)",NULL
NULL,NULL,NULL,420,420,1,1,"home","905-525-9140 (D-AQ)",NULL
NULL,NULL,NULL,421,421,1,1,"home","905-525-9140 (E-AQ)",NULL
NULL,NULL,NULL,422,422,1,1,"home","905-525-9140 (F-AQ)",NULL
NULL,NULL,NULL,423,423,1,1,"home","905-525-9140 (G-AQ)",NULL
NULL,NULL,NULL,424,424,1,1,"home","905-525-9140 (H-AQ)",NULL
NULL,NULL,NULL,425,425,1,1,"home","905-525-9140 (I-AQ)",NULL
NULL,NULL,NULL,426,426,1,1,"home","905-525-9140 (J-AQ)",NULL
NULL,NULL,NULL,427,427,1,1,"home","905-525-9140 (K-AQ)",NULL
NULL,NULL,NULL,428,428,1,1,"home","905-525-9140 (L-AQ)",NULL
NULL,NULL,NULL,429,429,1,1,"home","905-525-9140 (M-AQ)",NULL
NULL,NULL,NULL,430,430,1,1,"home","905-525-9140 (N-AQ)",NULL
NULL,NULL,NULL,431,431,1,1,"home","905-525-9140 (O-AQ)",NULL
NULL,NULL,NULL,432,432,1,1,"home","905-525-9140 (P-AQ)",NULL
NULL,NULL,NULL,433,433,1,1,"home","905-525-9140 (Q-AQ)",NULL
NULL,NULL,NULL,434,434,1,1,"home","905-525-9140 (R-AQ)",NULL
NULL,NULL,NULL,435,435,1,1,"home","905-525-9140 (S-AQ)",NULL
NULL,NULL,NULL,436,436,1,1,"home","905-525-9140 (T-AQ)",NULL
NULL,NULL,NULL,437,437,1,1,"home","905-525-9140 (U-AQ)",NULL
NULL,NULL,NULL,438,438,1,1,"home","905-525-9140 (V-AQ)",NULL
NULL,NULL,NULL,439,439,1,1,"home","905-525-9140 (W-AQ)",NULL
NULL,NULL,NULL,440,440,1,1,"home","905-525-9140 (X-AQ)",NULL
NULL,NULL,NULL,441,441,1,1,"home","905-525-9140 (Y-AQ)",NULL
NULL,NULL,NULL,442,442,1,1,"home","905-525-9140 (Z-AQ)",NULL
NULL,NULL,NULL,443,443,1,1,"home","905-525-9140 (A-AR)",NULL
NULL,NULL,NULL,444,444,1,1,"home","905-525-9140 (B-AR)",NULL
NULL,NULL,NULL,445,445,1,1,"home","905-525-9140 (C-AR)",NULL
NULL,NULL,NULL,446,446,1,1,"home","905-525-9140 (D-AR)",NULL
NULL,NULL,NULL,447,447,1,1,"home","905-525-9140 (E-AR)",NULL
NULL,NULL,NULL,448,448,1,1,"home","905-525-9140 (F-AR)",NULL
NULL,NULL,NULL,449,449,1,1,"home","905-525-9140 (G-AR)",NULL
NULL,NULL,NULL,450,450,1,1,"home","905-525-9140 (H-AR)",NULL
NULL,NULL,NULL,451,451,1,1,"home","905-525-9140 (I-AR)",NULL
NULL,NULL,NULL,452,452,1,1,"home","905-525-9140 (J-AR)",NULL
NULL,NULL,NULL,453,453,1,1,"home","905-525-9140 (K-AR)",NULL
NULL,NULL,NULL,454,454,1,1,"home","905-525-9140 (L-AR)",NULL
NULL,NULL,NULL,455,455,1,1,"home","905-525-9140 (M-AR)",NULL
NULL,NULL,NULL,456,456,1,1,"home","905-525-9140 (N-AR)",NULL
NULL,NULL,NULL,457,457,1,1,"home","905-525-9140 (O-AR)",NULL
NULL,NULL,NULL,458,458,1,1,"home","905-525-9140 (P-AR)",NULL
NULL,NULL,NULL,459,459,1,1,"home","905-525-9140 (Q-AR)",NULL
NULL,NULL,NULL,460,460,1,1,"home","905-525-9140 (R-AR)",NULL
NULL,NULL,NULL,461,461,1,1,"home","905-525-9140 (S-AR)",NULL
NULL,NULL,NULL,462,462,1,1,"home","905-525-9140 (T-AR)",NULL
NULL,NULL,NULL,463,463,1,1,"home","905-525-9140 (U-AR)",NULL
NULL,NULL,NULL,464,464,1,1,"home","905-525-9140 (V-AR)",NULL
NULL,NULL,NULL,465,465,1,1,"home","905-525-9140 (W-AR)",NULL
NULL,NULL,NULL,466,466,1,1,"home","905-525-9140 (X-AR)",NULL
NULL,NULL,NULL,467,467,1,1,"home","905-525-9140 (Y-AR)",NULL
NULL,NULL,NULL,468,468,1,1,"home","905-525-9140 (Z-AR)",NULL
NULL,NULL,NULL,469,469,1,1,"home","905-525-9140 (A-AS)",NULL
NULL,NULL,NULL,470,470,1,1,"home","905-525-9140 (B-AS)",NULL
NULL,NULL,NULL,471,471,1,1,"home","905-525-9140 (C-AS)",NULL
NULL,NULL,NULL,472,472,1,1,"home","905-525-9140 (D-AS)",NULL
NULL,NULL,NULL,473,473,1,1,"home","905-525-9140 (E-AS)",NULL
NULL,NULL,NULL,474,474,1,1,"home","905-525-9140 (F-AS)",NULL
NULL,NULL,NULL,475,475,1,1,"home","905-525-9140 (G-AS)",NULL
NULL,NULL,NULL,476,476,1,1,"home","905-525-9140 (H-AS)",NULL
NULL,NULL,NULL,477,477,1,1,"home","905-525-9140 (I-AS)",NULL
NULL,NULL,NULL,478,478,1,1,"home","905-525-9140 (J-AS)",NULL
NULL,NULL,NULL,479,479,1,1,"home","905-525-9140 (K-AS)",NULL
NULL,NULL,NULL,480,480,1,1,"home","905-525-9140 (L-AS)",NULL
NULL,NULL,NULL,481,481,1,1,"home","905-525-9140 (M-AS)",NULL
NULL,NULL,NULL,482,482,1,1,"home","905-525-9140 (N-AS)",NULL
NULL,NULL,NULL,483,483,1,1,"home","905-525-9140 (O-AS)",NULL
NULL,NULL,NULL,484,484,1,1,"home","905-525-9140 (P-AS)",NULL
NULL,NULL,NULL,485,485,1,1,"home","905-525-9140 (Q-AS)",NULL
NULL,NULL,NULL,486,486,1,1,"home","905-525-9140 (R-AS)",NULL
NULL,NULL,NULL,487,487,1,1,"home","905-525-9140 (S-AS)",NULL
NULL,NULL,NULL,488,488,1,1,"home","905-525-9140 (T-AS)",NULL
NULL,NULL,NULL,489,489,1,1,"home","905-525-9140 (U-AS)",NULL
NULL,NULL,NULL,490,490,1,1,"home","905-525-9140 (V-AS)",NULL
NULL,NULL,NULL,491,491,1,1,"home","905-525-9140 (W-AS)",NULL
NULL,NULL,NULL,492,492,1,1,"home","905-525-9140 (X-AS)",NULL
NULL,NULL,NULL,493,493,1,1,"home","905-525-9140 (Y-AS)",NULL
NULL,NULL,NULL,494,494,1,1,"home","905-525-9140 (Z-AS)",NULL
NULL,NULL,NULL,495,495,1,1,"home","905-525-9140 (A-AT)",NULL
NULL,NULL,NULL,496,496,1,1,"home","905-525-9140 (B-AT)",NULL
NULL,NULL,NULL,497,497,1,1,"home","905-525-9140 (C-AT)",NULL
NULL,NULL,NULL,498,498,1,1,"home","905-525-9140 (D-AT)",NULL
NULL,NULL,NULL,499,499,1,1,"home","905-525-9140 (E-AT)",NULL
NULL,NULL,NULL,500,500,1,1,"home","905-525-9140 (F-AT)",NULL
NULL,NULL,NULL,501,501,1,1,"home","905-525-9140 (G-AT)",NULL
NULL,NULL,NULL,502,502,1,1,"home","905-525-9140 (H-AT)",NULL
NULL,NULL,NULL,503,503,1,1,"home","905-525-9140 (I-AT)",NULL
NULL,NULL,NULL,504,504,1,1,"home","905-525-9140 (J-AT)",NULL
NULL,NULL,NULL,505,505,1,1,"home","905-525-9140 (K-AT)",NULL
NULL,NULL,NULL,506,506,1,1,"home","905-525-9140 (L-AT)",NULL
NULL,NULL,NULL,507,507,1,1,"home","905-525-9140 (M-AT)",NULL
NULL,NULL,NULL,508,508,1,1,"home","905-525-9140 (N-AT)",NULL
NULL,NULL,NULL,509,509,1,1,"home","905-525-9140 (O-AT)",NULL
NULL,NULL,NULL,510,510,1,1,"home","905-525-9140 (P-AT)",NULL
NULL,NULL,NULL,511,511,1,1,"home","905-525-9140 (Q-AT)",NULL
NULL,NULL,NULL,512,512,1,1,"home","905-525-9140 (R-AT)",NULL
NULL,NULL,NULL,513,513,1,1,"home","905-525-9140 (S-AT)",NULL
NULL,NULL,NULL,514,514,1,1,"home","905-525-9140 (T-AT)",NULL
NULL,NULL,NULL,515,515,1,1,"home","905-525-9140 (U-AT)",NULL
NULL,NULL,NULL,516,516,1,1,"home","905-525-9140 (V-AT)",NULL
NULL,NULL,NULL,517,517,1,1,"home","905-525-9140 (W-AT)",NULL
NULL,NULL,NULL,518,518,1,1,"home","905-525-9140 (X-AT)",NULL
NULL,NULL,NULL,519,519,1,1,"home","905-525-9140 (Y-AT)",NULL
NULL,NULL,NULL,520,520,1,1,"home","905-525-9140 (Z-AT)",NULL
NULL,NULL,NULL,521,521,1,1,"home","905-525-9140 (A-AU)",NULL
NULL,NULL,NULL,522,522,1,1,"home","905-525-9140 (B-AU)",NULL
NULL,NULL,NULL,523,523,1,1,"home","905-525-9140 (C-AU)",NULL
NULL,NULL,NULL,524,524,1,1,"home","905-525-9140 (D-AU)",NULL
NULL,NULL,NULL,525,525,1,1,"home","905-525-9140 (E-AU)",NULL
NULL,NULL,NULL,526,526,1,1,"home","905-525-9140 (F-AU)",NULL
NULL,NULL,NULL,527,527,1,1,"home","905-525-9140 (G-AU)",NULL
NULL,NULL,NULL,528,528,1,1,"home","905-525-9140 (H-AU)",NULL
NULL,NULL,NULL,529,529,1,1,"home","905-525-9140 (I-AU)",NULL
NULL,NULL,NULL,530,530,1,1,"home","905-525-9140 (J-AU)",NULL
NULL,NULL,NULL,531,531,1,1,"home","905-525-9140 (K-AU)",NULL
NULL,NULL,NULL,532,532,1,1,"home","905-525-9140 (L-AU)",NULL
NULL,NULL,NULL,533,533,1,1,"home","905-525-9140 (M-AU)",NULL
NULL,NULL,NULL,534,534,1,1,"home","905-525-9140 (N-AU)",NULL
NULL,NULL,NULL,535,535,1,1,"home","905-525-9140 (O-AU)",NULL
NULL,NULL,NULL,536,536,1,1,"home","905-525-9140 (P-AU)",NULL
NULL,NULL,NULL,537,537,1,1,"home","905-525-9140 (Q-AU)",NULL
NULL,NULL,NULL,538,538,1,1,"home","905-525-9140 (R-AU)",NULL
NULL,NULL,NULL,539,539,1,1,"home","905-525-9140 (S-AU)",NULL
NULL,NULL,NULL,540,540,1,1,"home","905-525-9140 (T-AU)",NULL
NULL,NULL,NULL,541,541,1,1,"home","905-525-9140 (U-AU)",NULL
NULL,NULL,NULL,542,542,1,1,"home","905-525-9140 (V-AU)",NULL
NULL,NULL,NULL,543,543,1,1,"home","905-525-9140 (W-AU)",NULL
NULL,NULL,NULL,544,544,1,1,"home","905-525-9140 (X-AU)",NULL
NULL,NULL,NULL,545,545,1,1,"home","905-525-9140 (Y-AU)",NULL
NULL,NULL,NULL,546,546,1,1,"home","905-525-9140 (Z-AU)",NULL
NULL,NULL,NULL,547,547,1,1,"home","905-525-9140 (A-AV)",NULL
NULL,NULL,NULL,548,548,1,1,"home","905-525-9140 (B-AV)",NULL
NULL,NULL,NULL,549,549,1,1,"home","905-525-9140 (C-AV)",NULL
NULL,NULL,NULL,550,550,1,1,"home","905-525-9140 (D-AV)",NULL
NULL,NULL,NULL,551,551,1,1,"home","905-525-9140 (E-AV)",NULL
NULL,NULL,NULL,552,552,1,1,"home","905-525-9140 (F-AV)",NULL
NULL,NULL,NULL,553,553,1,1,"home","905-525-9140 (G-AV)",NULL
NULL,NULL,NULL,554,554,1,1,"home","905-525-9140 (H-AV)",NULL
NULL,NULL,NULL,555,555,1,1,"home","905-525-9140 (I-AV)",NULL
NULL,NULL,NULL,556,556,1,1,"home","905-525-9140 (J-AV)",NULL
NULL,NULL,NULL,557,557,1,1,"home","905-525-9140 (K-AV)",NULL
NULL,NULL,NULL,558,558,1,1,"home","905-525-9140 (L-AV)",NULL
NULL,NULL,NULL,559,559,1,1,"home","905-525-9140 (M-AV)",NULL
NULL,NULL,NULL,560,560,1,1,"home","905-525-9140 (N-AV)",NULL
NULL,NULL,NULL,561,561,1,1,"home","905-525-9140 (O-AV)",NULL
NULL,NULL,NULL,562,562,1,1,"home","905-525-9140 (P-AV)",NULL
NULL,NULL,NULL,563,563,1,1,"home","905-525-9140 (Q-AV)",NULL
NULL,NULL,NULL,564,564,1,1,"home","905-525-9140 (R-AV)",NULL
NULL,NULL,NULL,565,565,1,1,"home","905-525-9140 (S-AV)",NULL
NULL,NULL,NULL,566,566,1,1,"home","905-525-9140 (T-AV)",NULL
NULL,NULL,NULL,567,567,1,1,"home","905-525-9140 (U-AV)",NULL
NULL,NULL,NULL,568,568,1,1,"home","905-525-9140 (V-AV)",NULL
NULL,NULL,NULL,569,569,1,1,"home","905-525-9140 (W-AV)",NULL
NULL,NULL,NULL,570,570,1,1,"home","905-525-9140 (X-AV)",NULL
NULL,NULL,NULL,571,571,1,1,"home","905-525-9140 (Y-AV)",NULL
NULL,NULL,NULL,572,572,1,1,"home","905-525-9140 (Z-AV)",NULL
NULL,NULL,NULL,573,573,1,1,"home","905-525-9140 (A-AW)",NULL
NULL,NULL,NULL,574,574,1,1,"home","905-525-9140 (B-AW)",NULL
NULL,NULL,NULL,575,575,1,1,"home","905-525-9140 (C-AW)",NULL
NULL,NULL,NULL,576,576,1,1,"home","905-525-9140 (D-AW)",NULL
NULL,NULL,NULL,577,577,1,1,"home","905-525-9140 (E-AW)",NULL
NULL,NULL,NULL,578,578,1,1,"home","905-525-9140 (F-AW)",NULL
NULL,NULL,NULL,579,579,1,1,"home","905-525-9140 (G-AW)",NULL
NULL,NULL,NULL,580,580,1,1,"home","905-525-9140 (H-AW)",NULL
NULL,NULL,NULL,581,581,1,1,"home","905-525-9140 (I-AW)",NULL
NULL,NULL,NULL,582,582,1,1,"home","905-525-9140 (J-AW)",NULL
NULL,NULL,NULL,583,583,1,1,"home","905-525-9140 (K-AW)",NULL
NULL,NULL,NULL,584,584,1,1,"home","905-525-9140 (L-AW)",NULL
NULL,NULL,NULL,585,585,1,1,"home","905-525-9140 (M-AW)",NULL
NULL,NULL,NULL,586,586,1,1,"home","905-525-9140 (N-AW)",NULL
NULL,NULL,NULL,587,587,1,1,"home","905-525-9140 (O-AW)",NULL
NULL,NULL,NULL,588,588,1,1,"home","905-525-9140 (P-AW)",NULL
NULL,NULL,NULL,589,589,1,1,"home","905-525-9140 (Q-AW)",NULL
NULL,NULL,NULL,590,590,1,1,"home","905-525-9140 (R-AW)",NULL
NULL,NULL,NULL,591,591,1,1,"home","905-525-9140 (S-AW)",NULL
NULL,NULL,NULL,592,592,1,1,"home","905-525-9140 (T-AW)",NULL
NULL,NULL,NULL,593,593,1,1,"home","905-525-9140 (U-AW)",NULL
NULL,NULL,NULL,594,594,1,1,"home","905-525-9140 (V-AW)",NULL
NULL,NULL,NULL,595,595,1,1,"home","905-525-9140 (W-AW)",NULL
NULL,NULL,NULL,596,596,1,1,"home","905-525-9140 (X-AW)",NULL
NULL,NULL,NULL,597,597,1,1,"home","905-525-9140 (Y-AW)",NULL
NULL,NULL,NULL,598,598,1,1,"home","905-525-9140 (Z-AW)",NULL
NULL,NULL,NULL,599,599,1,1,"home","905-525-9140 (A-AX)",NULL
NULL,NULL,NULL,600,600,1,1,"home","905-525-9140 (B-AX)",NULL
NULL,NULL,NULL,601,601,1,1,"home","905-525-9140 (C-AX)",NULL
NULL,NULL,NULL,602,602,1,1,"home","905-525-9140 (D-AX)",NULL
NULL,NULL,NULL,603,603,1,1,"home","905-525-9140 (E-AX)",NULL
NULL,NULL,NULL,604,604,1,1,"home","905-525-9140 (F-AX)",NULL
NULL,NULL,NULL,605,605,1,1,"home","905-525-9140 (G-AX)",NULL
NULL,NULL,NULL,606,606,1,1,"home","905-525-9140 (H-AX)",NULL
NULL,NULL,NULL,607,607,1,1,"home","905-525-9140 (I-AX)",NULL
NULL,NULL,NULL,608,608,1,1,"home","905-525-9140 (J-AX)",NULL
NULL,NULL,NULL,609,609,1,1,"home","905-525-9140 (K-AX)",NULL
NULL,NULL,NULL,610,610,1,1,"home","905-525-9140 (L-AX)",NULL
NULL,NULL,NULL,611,611,1,1,"home","905-525-9140 (M-AX)",NULL
NULL,NULL,NULL,612,612,1,1,"home","905-525-9140 (N-AX)",NULL
NULL,NULL,NULL,613,613,1,1,"home","905-525-9140 (O-AX)",NULL
NULL,NULL,NULL,614,614,1,1,"home","905-525-9140 (P-AX)",NULL
NULL,NULL,NULL,615,615,1,1,"home","905-525-9140 (Q-AX)",NULL
NULL,NULL,NULL,616,616,1,1,"home","905-525-9140 (R-AX)",NULL
NULL,NULL,NULL,617,617,1,1,"home","905-525-9140 (S-AX)",NULL
NULL,NULL,NULL,618,618,1,1,"home","905-525-9140 (T-AX)",NULL
NULL,NULL,NULL,619,619,1,1,"home","905-525-9140 (U-AX)",NULL
NULL,NULL,NULL,620,620,1,1,"home","905-525-9140 (V-AX)",NULL
NULL,NULL,NULL,621,621,1,1,"home","905-525-9140 (W-AX)",NULL
NULL,NULL,NULL,622,622,1,1,"home","905-525-9140 (X-AX)",NULL
NULL,NULL,NULL,623,623,1,1,"home","905-525-9140 (Y-AX)",NULL
NULL,NULL,NULL,624,624,1,1,"home","905-525-9140 (Z-AX)",NULL
NULL,NULL,NULL,625,625,1,1,"home","905-525-9140 (A-AY)",NULL
NULL,NULL,NULL,626,626,1,1,"home","905-525-9140 (B-AY)",NULL
NULL,NULL,NULL,627,627,1,1,"home","905-525-9140 (C-AY)",NULL
NULL,NULL,NULL,628,628,1,1,"home","905-525-9140 (D-AY)",NULL
NULL,NULL,NULL,629,629,1,1,"home","905-525-9140 (E-AY)",NULL
NULL,NULL,NULL,630,630,1,1,"home","905-525-9140 (F-AY)",NULL
NULL,NULL,NULL,631,631,1,1,"home","905-525-9140 (G-AY)",NULL
NULL,NULL,NULL,632,632,1,1,"home","905-525-9140 (H-AY)",NULL
NULL,NULL,NULL,633,633,1,1,"home","905-525-9140 (I-AY)",NULL
NULL,NULL,NULL,634,634,1,1,"home","905-525-9140 (J-AY)",NULL
NULL,NULL,NULL,635,635,1,1,"home","905-525-9140 (K-AY)",NULL
NULL,NULL,NULL,636,636,1,1,"home","905-525-9140 (L-AY)",NULL
NULL,NULL,NULL,637,637,1,1,"home","905-525-9140 (M-AY)",NULL
NULL,NULL,NULL,638,638,1,1,"home","905-525-9140 (N-AY)",NULL
NULL,NULL,NULL,639,639,1,1,"home","905-525-9140 (O-AY)",NULL
NULL,NULL,NULL,640,640,1,1,"home","905-525-9140 (P-AY)",NULL
NULL,NULL,NULL,641,641,1,1,"home","905-525-9140 (Q-AY)",NULL
NULL,NULL,NULL,642,642,1,1,"home","905-525-9140 (R-AY)",NULL
NULL,NULL,NULL,643,643,1,1,"home","905-525-9140 (S-AY)",NULL
NULL,NULL,NULL,644,644,1,1,"home","905-525-9140 (T-AY)",NULL
NULL,NULL,NULL,645,645,1,1,"home","905-525-9140 (U-AY)",NULL
NULL,NULL,NULL,646,646,1,1,"home","905-525-9140 (V-AY)",NULL
NULL,NULL,NULL,647,647,1,1,"home","905-525-9140 (W-AY)",NULL
NULL,NULL,NULL,648,648,1,1,"home","905-525-9140 (X-AY)",NULL
NULL,NULL,NULL,649,649,1,1,"home","905-525-9140 (Y-AY)",NULL
NULL,NULL,NULL,650,650,1,1,"home","905-525-9140 (Z-AY)",NULL
NULL,NULL,NULL,651,651,1,1,"home","905-525-9140 (A-AZ)",NULL
NULL,NULL,NULL,652,652,1,1,"home","905-525-9140 (B-AZ)",NULL
NULL,NULL,NULL,653,653,1,1,"home","905-525-9140 (C-AZ)",NULL
NULL,NULL,NULL,654,654,1,1,"home","905-525-9140 (D-AZ)",NULL
NULL,NULL,NULL,655,655,1,1,"home","905-525-9140 (E-AZ)",NULL
NULL,NULL,NULL,656,656,1,1,"home","905-525-9140 (F-AZ)",NULL
NULL,NULL,NULL,657,657,1,1,"home","905-525-9140 (G-AZ)",NULL
NULL,NULL,NULL,658,658,1,1,"home","905-525-9140 (H-AZ)",NULL
NULL,NULL,NULL,659,659,1,1,"home","905-525-9140 (I-AZ)",NULL
NULL,NULL,NULL,660,660,1,1,"home","905-525-9140 (J-AZ)",NULL
NULL,NULL,NULL,661,661,1,1,"home","905-525-9140 (K-AZ)",NULL
NULL,NULL,NULL,662,662,1,1,"home","905-525-9140 (L-AZ)",NULL
NULL,NULL,NULL,663,663,1,1,"home","905-525-9140 (M-AZ)",NULL
NULL,NULL,NULL,664,664,1,1,"home","905-525-9140 (N-AZ)",NULL
NULL,NULL,NULL,665,665,1,1,"home","905-525-9140 (O-AZ)",NULL
NULL,NULL,NULL,666,666,1,1,"home","905-525-9140 (P-AZ)",NULL
NULL,NULL,NULL,667,667,1,1,"home","905-525-9140 (Q-AZ)",NULL
NULL,NULL,NULL,668,668,1,1,"home","905-525-9140 (R-AZ)",NULL
NULL,NULL,NULL,669,669,1,1,"home","905-525-9140 (S-AZ)",NULL
NULL,NULL,NULL,670,670,1,1,"home","905-525-9140 (T-AZ)",NULL
NULL,NULL,NULL,671,671,1,1,"home","905-525-9140 (U-AZ)",NULL
NULL,NULL,NULL,672,672,1,1,"home","905-525-9140 (V-AZ)",NULL
NULL,NULL,NULL,673,673,1,1,"home","905-525-9140 (W-AZ)",NULL
NULL,NULL,NULL,674,674,1,1,"home","905-525-9140 (X-AZ)",NULL
NULL,NULL,NULL,675,675,1,1,"home","905-525-9140 (Y-AZ)",NULL
NULL,NULL,NULL,676,676,1,1,"home","905-525-9140 (Z-AZ)",NULL
NULL,NULL,NULL,677,677,1,1,"home","905-525-9140 (A-BA)",NULL
NULL,NULL,NULL,678,678,1,1,"home","905-525-9140 (B-BA)",NULL
NULL,NULL,NULL,679,679,1,1,"home","905-525-9140 (C-BA)",NULL
NULL,NULL,NULL,680,680,1,1,"home","905-525-9140 (D-BA)",NULL
NULL,NULL,NULL,681,681,1,1,"home","905-525-9140 (E-BA)",NULL
NULL,NULL,NULL,682,682,1,1,"home","905-525-9140 (F-BA)",NULL
NULL,NULL,NULL,683,683,1,1,"home","905-525-9140 (G-BA)",NULL
NULL,NULL,NULL,684,684,1,1,"home","905-525-9140 (H-BA)",NULL
NULL,NULL,NULL,685,685,1,1,"home","905-525-9140 (I-BA)",NULL
NULL,NULL,NULL,686,686,1,1,"home","905-525-9140 (J-BA)",NULL
NULL,NULL,NULL,687,687,1,1,"home","905-525-9140 (K-BA)",NULL
NULL,NULL,NULL,688,688,1,1,"home","905-525-9140 (L-BA)",NULL
NULL,NULL,NULL,689,689,1,1,"home","905-525-9140 (M-BA)",NULL
NULL,NULL,NULL,690,690,1,1,"home","905-525-9140 (N-BA)",NULL
NULL,NULL,NULL,691,691,1,1,"home","905-525-9140 (O-BA)",NULL
NULL,NULL,NULL,692,692,1,1,"home","905-525-9140 (P-BA)",NULL
NULL,NULL,NULL,693,693,1,1,"home","905-525-9140 (Q-BA)",NULL
NULL,NULL,NULL,694,694,1,1,"home","905-525-9140 (R-BA)",NULL
NULL,NULL,NULL,695,695,1,1,"home","905-525-9140 (S-BA)",NULL
NULL,NULL,NULL,696,696,1,1,"home","905-525-9140 (T-BA)",NULL
NULL,NULL,NULL,697,697,1,1,"home","905-525-9140 (U-BA)",NULL
NULL,NULL,NULL,698,698,1,1,"home","905-525-9140 (V-BA)",NULL
NULL,NULL,NULL,699,699,1,1,"home","905-525-9140 (W-BA)",NULL
NULL,NULL,NULL,700,700,1,1,"home","905-525-9140 (X-BA)",NULL
NULL,NULL,NULL,701,701,1,1,"home","905-525-9140 (Y-BA)",NULL
NULL,NULL,NULL,702,702,1,1,"home","905-525-9140 (Z-BA)",NULL
NULL,NULL,NULL,703,703,1,1,"home","905-525-9140 (A-BB)",NULL
NULL,NULL,NULL,704,704,1,1,"home","905-525-9140 (B-BB)",NULL
NULL,NULL,NULL,705,705,1,1,"home","905-525-9140 (C-BB)",NULL
NULL,NULL,NULL,706,706,1,1,"home","905-525-9140 (D-BB)",NULL
NULL,NULL,NULL,707,707,1,1,"home","905-525-9140 (E-BB)",NULL
NULL,NULL,NULL,708,708,1,1,"home","905-525-9140 (F-BB)",NULL
NULL,NULL,NULL,709,709,1,1,"home","905-525-9140 (G-BB)",NULL
NULL,NULL,NULL,710,710,1,1,"home","905-525-9140 (H-BB)",NULL
NULL,NULL,NULL,711,711,1,1,"home","905-525-9140 (I-BB)",NULL
NULL,NULL,NULL,712,712,1,1,"home","905-525-9140 (J-BB)",NULL
NULL,NULL,NULL,713,713,1,1,"home","905-525-9140 (K-BB)",NULL
NULL,NULL,NULL,714,714,1,1,"home","905-525-9140 (L-BB)",NULL
NULL,NULL,NULL,715,715,1,1,"home","905-525-9140 (M-BB)",NULL
NULL,NULL,NULL,716,716,1,1,"home","905-525-9140 (N-BB)",NULL
NULL,NULL,NULL,717,717,1,1,"home","905-525-9140 (O-BB)",NULL
NULL,NULL,NULL,718,718,1,1,"home","905-525-9140 (P-BB)",NULL
NULL,NULL,NULL,719,719,1,1,"home","905-525-9140 (Q-BB)",NULL
NULL,NULL,NULL,720,720,1,1,"home","905-525-9140 (R-BB)",NULL
NULL,NULL,NULL,721,721,1,1,"home","905-525-9140 (S-BB)",NULL
NULL,NULL,NULL,722,722,1,1,"home","905-525-9140 (T-BB)",NULL
NULL,NULL,NULL,723,723,1,1,"home","905-525-9140 (U-BB)",NULL
NULL,NULL,NULL,724,724,1,1,"home","905-525-9140 (V-BB)",NULL
NULL,NULL,NULL,725,725,1,1,"home","905-525-9140 (W-BB)",NULL
NULL,NULL,NULL,726,726,1,1,"home","905-525-9140 (X-BB)",NULL
NULL,NULL,NULL,727,727,1,1,"home","905-525-9140 (Y-BB)",NULL
NULL,NULL,NULL,728,728,1,1,"home","905-525-9140 (Z-BB)",NULL
NULL,NULL,NULL,729,729,1,1,"home","905-525-9140 (A-BC)",NULL
NULL,NULL,NULL,730,730,1,1,"home","905-525-9140 (B-BC)",NULL
NULL,NULL,NULL,731,731,1,1,"home","905-525-9140 (C-BC)",NULL
NULL,NULL,NULL,732,732,1,1,"home","905-525-9140 (D-BC)",NULL
NULL,NULL,NULL,733,733,1,1,"home","905-525-9140 (E-BC)",NULL
NULL,NULL,NULL,734,734,1,1,"home","905-525-9140 (F-BC)",NULL
NULL,NULL,NULL,735,735,1,1,"home","905-525-9140 (G-BC)",NULL
NULL,NULL,NULL,736,736,1,1,"home","905-525-9140 (H-BC)",NULL
NULL,NULL,NULL,737,737,1,1,"home","905-525-9140 (I-BC)",NULL
NULL,NULL,NULL,738,738,1,1,"home","905-525-9140 (J-BC)",NULL
NULL,NULL,NULL,739,739,1,1,"home","905-525-9140 (K-BC)",NULL
NULL,NULL,NULL,740,740,1,1,"home","905-525-9140 (L-BC)",NULL
NULL,NULL,NULL,741,741,1,1,"home","905-525-9140 (M-BC)",NULL
NULL,NULL,NULL,742,742,1,1,"home","905-525-9140 (N-BC)",NULL
NULL,NULL,NULL,743,743,1,1,"home","905-525-9140 (O-BC)",NULL
NULL,NULL,NULL,744,744,1,1,"home","905-525-9140 (P-BC)",NULL
NULL,NULL,NULL,745,745,1,1,"home","905-525-9140 (Q-BC)",NULL
NULL,NULL,NULL,746,746,1,1,"home","905-525-9140 (R-BC)",NULL
NULL,NULL,NULL,747,747,1,1,"home","905-525-9140 (S-BC)",NULL
NULL,NULL,NULL,748,748,1,1,"home","905-525-9140 (T-BC)",NULL
NULL,NULL,NULL,749,749,1,1,"home","905-525-9140 (U-BC)",NULL
NULL,NULL,NULL,750,750,1,1,"home","905-525-9140 (V-BC)",NULL
NULL,NULL,NULL,751,751,1,1,"home","905-525-9140 (W-BC)",NULL
NULL,NULL,NULL,752,752,1,1,"home","905-525-9140 (X-BC)",NULL
NULL,NULL,NULL,753,753,1,1,"home","905-525-9140 (Y-BC)",NULL
NULL,NULL,NULL,754,754,1,1,"home","905-525-9140 (Z-BC)",NULL
NULL,NULL,NULL,755,755,1,1,"home","905-525-9140 (A-BD)",NULL
NULL,NULL,NULL,756,756,1,1,"home","905-525-9140 (B-BD)",NULL
NULL,NULL,NULL,757,757,1,1,"home","905-525-9140 (C-BD)",NULL
NULL,NULL,NULL,758,758,1,1,"home","905-525-9140 (D-BD)",NULL
NULL,NULL,NULL,759,759,1,1,"home","905-525-9140 (E-BD)",NULL
NULL,NULL,NULL,760,760,1,1,"home","905-525-9140 (F-BD)",NULL
NULL,NULL,NULL,761,761,1,1,"home","905-525-9140 (G-BD)",NULL
NULL,NULL,NULL,762,762,1,1,"home","905-525-9140 (H-BD)",NULL
NULL,NULL,NULL,763,763,1,1,"home","905-525-9140 (I-BD)",NULL
NULL,NULL,NULL,764,764,1,1,"home","905-525-9140 (J-BD)",NULL
NULL,NULL,NULL,765,765,1,1,"home","905-525-9140 (K-BD)",NULL
NULL,NULL,NULL,766,766,1,1,"home","905-525-9140 (L-BD)",NULL
NULL,NULL,NULL,767,767,1,1,"home","905-525-9140 (M-BD)",NULL
NULL,NULL,NULL,768,768,1,1,"home","905-525-9140 (N-BD)",NULL
NULL,NULL,NULL,769,769,1,1,"home","905-525-9140 (O-BD)",NULL
NULL,NULL,NULL,770,770,1,1,"home","905-525-9140 (P-BD)",NULL
NULL,NULL,NULL,771,771,1,1,"home","905-525-9140 (Q-BD)",NULL
NULL,NULL,NULL,772,772,1,1,"home","905-525-9140 (R-BD)",NULL
NULL,NULL,NULL,773,773,1,1,"home","905-525-9140 (S-BD)",NULL
NULL,NULL,NULL,774,774,1,1,"home","905-525-9140 (T-BD)",NULL
NULL,NULL,NULL,775,775,1,1,"home","905-525-9140 (U-BD)",NULL
NULL,NULL,NULL,776,776,1,1,"home","905-525-9140 (V-BD)",NULL
NULL,NULL,NULL,777,777,1,1,"home","905-525-9140 (W-BD)",NULL
NULL,NULL,NULL,778,778,1,1,"home","905-525-9140 (X-BD)",NULL
NULL,NULL,NULL,779,779,1,1,"home","905-525-9140 (Y-BD)",NULL
NULL,NULL,NULL,780,780,1,1,"home","905-525-9140 (Z-BD)",NULL
NULL,NULL,NULL,781,781,1,1,"home","905-525-9140 (A-BE)",NULL
NULL,NULL,NULL,782,782,1,1,"home","905-525-9140 (B-BE)",NULL
NULL,NULL,NULL,783,783,1,1,"home","905-525-9140 (C-BE)",NULL
NULL,NULL,NULL,784,784,1,1,"home","905-525-9140 (D-BE)",NULL
NULL,NULL,NULL,785,785,1,1,"home","905-525-9140 (E-BE)",NULL
NULL,NULL,NULL,786,786,1,1,"home","905-525-9140 (F-BE)",NULL
NULL,NULL,NULL,787,787,1,1,"home","905-525-9140 (G-BE)",NULL
NULL,NULL,NULL,788,788,1,1,"home","905-525-9140 (H-BE)",NULL
NULL,NULL,NULL,789,789,1,1,"home","905-525-9140 (I-BE)",NULL
NULL,NULL,NULL,790,790,1,1,"home","905-525-9140 (J-BE)",NULL
NULL,NULL,NULL,791,791,1,1,"home","905-525-9140 (K-BE)",NULL
NULL,NULL,NULL,792,792,1,1,"home","905-525-9140 (L-BE)",NULL
NULL,NULL,NULL,793,793,1,1,"home","905-525-9140 (M-BE)",NULL
NULL,NULL,NULL,794,794,1,1,"home","905-525-9140 (N-BE)",NULL
NULL,NULL,NULL,795,795,1,1,"home","905-525-9140 (O-BE)",NULL
NULL,NULL,NULL,796,796,1,1,"home","905-525-9140 (P-BE)",NULL
NULL,NULL,NULL,797,797,1,1,"home","905-525-9140 (Q-BE)",NULL
NULL,NULL,NULL,798,798,1,1,"home","905-525-9140 (R-BE)",NULL
NULL,NULL,NULL,799,799,1,1,"home","905-525-9140 (S-BE)",NULL
NULL,NULL,NULL,800,800,1,1,"home","905-525-9140 (T-BE)",NULL
NULL,NULL,NULL,801,801,1,1,"home","905-525-9140 (U-BE)",NULL
NULL,NULL,NULL,802,802,1,1,"home","905-525-9140 (V-BE)",NULL
NULL,NULL,NULL,803,803,1,1,"home","905-525-9140 (W-BE)",NULL
NULL,NULL,NULL,804,804,1,1,"home","905-525-9140 (X-BE)",NULL
NULL,NULL,NULL,805,805,1,1,"home","905-525-9140 (Y-BE)",NULL
NULL,NULL,NULL,806,806,1,1,"home","905-525-9140 (Z-BE)",NULL
NULL,NULL,NULL,807,807,1,1,"home","905-525-9140 (A-BF)",NULL
NULL,NULL,NULL,808,808,1,1,"home","905-525-9140 (B-BF)",NULL
NULL,NULL,NULL,809,809,1,1,"home","905-525-9140 (C-BF)",NULL
NULL,NULL,NULL,810,810,1,1,"home","905-525-9140 (D-BF)",NULL
NULL,NULL,NULL,811,811,1,1,"home","905-525-9140 (E-BF)",NULL
NULL,NULL,NULL,812,812,1,1,"home","905-525-9140 (F-BF)",NULL
NULL,NULL,NULL,813,813,1,1,"home","905-525-9140 (G-BF)",NULL
NULL,NULL,NULL,814,814,1,1,"home","905-525-9140 (H-BF)",NULL
NULL,NULL,NULL,815,815,1,1,"home","905-525-9140 (I-BF)",NULL
NULL,NULL,NULL,816,816,1,1,"home","905-525-9140 (J-BF)",NULL
NULL,NULL,NULL,817,817,1,1,"home","905-525-9140 (K-BF)",NULL
NULL,NULL,NULL,818,818,1,1,"home","905-525-9140 (L-BF)",NULL
NULL,NULL,NULL,819,819,1,1,"home","905-525-9140 (M-BF)",NULL
NULL,NULL,NULL,820,820,1,1,"home","905-525-9140 (N-BF)",NULL
NULL,NULL,NULL,821,821,1,1,"home","905-525-9140 (O-BF)",NULL
NULL,NULL,NULL,822,822,1,1,"home","905-525-9140 (P-BF)",NULL
NULL,NULL,NULL,823,823,1,1,"home","905-525-9140 (Q-BF)",NULL
NULL,NULL,NULL,824,824,1,1,"home","905-525-9140 (R-BF)",NULL
NULL,NULL,NULL,825,825,1,1,"home","905-525-9140 (S-BF)",NULL
NULL,NULL,NULL,826,826,1,1,"home","905-525-9140 (T-BF)",NULL
NULL,NULL,NULL,827,827,1,1,"home","905-525-9140 (U-BF)",NULL
NULL,NULL,NULL,828,828,1,1,"home","905-525-9140 (V-BF)",NULL
NULL,NULL,NULL,829,829,1,1,"home","905-525-9140 (W-BF)",NULL
NULL,NULL,NULL,830,830,1,1,"home","905-525-9140 (X-BF)",NULL
NULL,NULL,NULL,831,831,1,1,"home","905-525-9140 (Y-BF)",NULL
NULL,NULL,NULL,832,832,1,1,"home","905-525-9140 (Z-BF)",NULL
NULL,NULL,NULL,833,833,1,1,"home","905-525-9140 (A-BG)",NULL
NULL,NULL,NULL,834,834,1,1,"home","905-525-9140 (B-BG)",NULL
NULL,NULL,NULL,835,835,1,1,"home","905-525-9140 (C-BG)",NULL
NULL,NULL,NULL,836,836,1,1,"home","905-525-9140 (D-BG)",NULL
NULL,NULL,NULL,837,837,1,1,"home","905-525-9140 (E-BG)",NULL
NULL,NULL,NULL,838,838,1,1,"home","905-525-9140 (F-BG)",NULL
NULL,NULL,NULL,839,839,1,1,"home","905-525-9140 (G-BG)",NULL
NULL,NULL,NULL,840,840,1,1,"home","905-525-9140 (H-BG)",NULL
NULL,NULL,NULL,841,841,1,1,"home","905-525-9140 (I-BG)",NULL
NULL,NULL,NULL,842,842,1,1,"home","905-525-9140 (J-BG)",NULL
NULL,NULL,NULL,843,843,1,1,"home","905-525-9140 (K-BG)",NULL
NULL,NULL,NULL,844,844,1,1,"home","905-525-9140 (L-BG)",NULL
NULL,NULL,NULL,845,845,1,1,"home","905-525-9140 (M-BG)",NULL
NULL,NULL,NULL,846,846,1,1,"home","905-525-9140 (N-BG)",NULL
NULL,NULL,NULL,847,847,1,1,"home","905-525-9140 (O-BG)",NULL
NULL,NULL,NULL,848,848,1,1,"home","905-525-9140 (P-BG)",NULL
NULL,NULL,NULL,849,849,1,1,"home","905-525-9140 (Q-BG)",NULL
NULL,NULL,NULL,850,850,1,1,"home","905-525-9140 (R-BG)",NULL
NULL,NULL,NULL,851,851,1,1,"home","905-525-9140 (S-BG)",NULL
NULL,NULL,NULL,852,852,1,1,"home","905-525-9140 (T-BG)",NULL
NULL,NULL,NULL,853,853,1,1,"home","905-525-9140 (U-BG)",NULL
NULL,NULL,NULL,854,854,1,1,"home","905-525-9140 (V-BG)",NULL
NULL,NULL,NULL,855,855,1,1,"home","905-525-9140 (W-BG)",NULL
NULL,NULL,NULL,856,856,1,1,"home","905-525-9140 (X-BG)",NULL
NULL,NULL,NULL,857,857,1,1,"home","905-525-9140 (Y-BG)",NULL
NULL,NULL,NULL,858,858,1,1,"home","905-525-9140 (Z-BG)",NULL
NULL,NULL,NULL,859,859,1,1,"home","905-525-9140 (A-BH)",NULL
NULL,NULL,NULL,860,860,1,1,"home","905-525-9140 (B-BH)",NULL
NULL,NULL,NULL,861,861,1,1,"home","905-525-9140 (C-BH)",NULL
NULL,NULL,NULL,862,862,1,1,"home","905-525-9140 (D-BH)",NULL
NULL,NULL,NULL,863,863,1,1,"home","905-525-9140 (E-BH)",NULL
NULL,NULL,NULL,864,864,1,1,"home","905-525-9140 (F-BH)",NULL
NULL,NULL,NULL,865,865,1,1,"home","905-525-9140 (G-BH)",NULL
NULL,NULL,NULL,866,866,1,1,"home","905-525-9140 (H-BH)",NULL
NULL,NULL,NULL,867,867,1,1,"home","905-525-9140 (I-BH)",NULL
NULL,NULL,NULL,868,868,1,1,"home","905-525-9140 (J-BH)",NULL
NULL,NULL,NULL,869,869,1,1,"home","905-525-9140 (K-BH)",NULL
NULL,NULL,NULL,870,870,1,1,"home","905-525-9140 (L-BH)",NULL
NULL,NULL,NULL,871,871,1,1,"home","905-525-9140 (M-BH)",NULL
NULL,NULL,NULL,872,872,1,1,"home","905-525-9140 (N-BH)",NULL
NULL,NULL,NULL,873,873,1,1,"home","905-525-9140 (O-BH)",NULL
NULL,NULL,NULL,874,874,1,1,"home","905-525-9140 (P-BH)",NULL
NULL,NULL,NULL,875,875,1,1,"home","905-525-9140 (Q-BH)",NULL
NULL,NULL,NULL,876,876,1,1,"home","905-525-9140 (R-BH)",NULL
NULL,NULL,NULL,877,877,1,1,"home","905-525-9140 (S-BH)",NULL
NULL,NULL,NULL,878,878,1,1,"home","905-525-9140 (T-BH)",NULL
NULL,NULL,NULL,879,879,1,1,"home","905-525-9140 (U-BH)",NULL
NULL,NULL,NULL,880,880,1,1,"home","905-525-9140 (V-BH)",NULL
NULL,NULL,NULL,881,881,1,1,"home","905-525-9140 (W-BH)",NULL
NULL,NULL,NULL,882,882,1,1,"home","905-525-9140 (X-BH)",NULL
NULL,NULL,NULL,883,883,1,1,"home","905-525-9140 (Y-BH)",NULL
NULL,NULL,NULL,884,884,1,1,"home","905-525-9140 (Z-BH)",NULL
NULL,NULL,NULL,885,885,1,1,"home","905-525-9140 (A-BI)",NULL
NULL,NULL,NULL,886,886,1,1,"home","905-525-9140 (B-BI)",NULL
NULL,NULL,NULL,887,887,1,1,"home","905-525-9140 (C-BI)",NULL
NULL,NULL,NULL,888,888,1,1,"home","905-525-9140 (D-BI)",NULL
NULL,NULL,NULL,889,889,1,1,"home","905-525-9140 (E-BI)",NULL
NULL,NULL,NULL,890,890,1,1,"home","905-525-9140 (F-BI)",NULL
NULL,NULL,NULL,891,891,1,1,"home","905-525-9140 (G-BI)",NULL
NULL,NULL,NULL,892,892,1,1,"home","905-525-9140 (H-BI)",NULL
NULL,NULL,NULL,893,893,1,1,"home","905-525-9140 (I-BI)",NULL
NULL,NULL,NULL,894,894,1,1,"home","905-525-9140 (J-BI)",NULL
NULL,NULL,NULL,895,895,1,1,"home","905-525-9140 (K-BI)",NULL
NULL,NULL,NULL,896,896,1,1,"home","905-525-9140 (L-BI)",NULL
NULL,NULL,NULL,897,897,1,1,"home","905-525-9140 (M-BI)",NULL
NULL,NULL,NULL,898,898,1,1,"home","905-525-9140 (N-BI)",NULL
NULL,NULL,NULL,899,899,1,1,"home","905-525-9140 (O-BI)",NULL
NULL,NULL,NULL,900,900,1,1,"home","905-525-9140 (P-BI)",NULL
NULL,NULL,NULL,901,901,1,1,"home","905-525-9140 (Q-BI)",NULL
NULL,NULL,NULL,902,902,1,1,"home","905-525-9140 (R-BI)",NULL
NULL,NULL,NULL,903,903,1,1,"home","905-525-9140 (S-BI)",NULL
NULL,NULL,NULL,904,904,1,1,"home","905-525-9140 (T-BI)",NULL
NULL,NULL,NULL,905,905,1,1,"home","905-525-9140 (U-BI)",NULL
NULL,NULL,NULL,906,906,1,1,"home","905-525-9140 (V-BI)",NULL
NULL,NULL,NULL,907,907,1,1,"home","905-525-9140 (W-BI)",NULL
NULL,NULL,NULL,908,908,1,1,"home","905-525-9140 (X-BI)",NULL
NULL,NULL,NULL,909,909,1,1,"home","905-525-9140 (Y-BI)",NULL
NULL,NULL,NULL,910,910,1,1,"home","905-525-9140 (Z-BI)",NULL
NULL,NULL,NULL,911,911,1,1,"home","905-525-9140 (A-BJ)",NULL
NULL,NULL,NULL,912,912,1,1,"home","905-525-9140 (B-BJ)",NULL
NULL,NULL,NULL,913,913,1,1,"home","905-525-9140 (C-BJ)",NULL
NULL,NULL,NULL,914,914,1,1,"home","905-525-9140 (D-BJ)",NULL
NULL,NULL,NULL,915,915,1,1,"home","905-525-9140 (E-BJ)",NULL
NULL,NULL,NULL,916,916,1,1,"home","905-525-9140 (F-BJ)",NULL
NULL,NULL,NULL,917,917,1,1,"home","905-525-9140 (G-BJ)",NULL
NULL,NULL,NULL,918,918,1,1,"home","905-525-9140 (H-BJ)",NULL
NULL,NULL,NULL,919,919,1,1,"home","905-525-9140 (I-BJ)",NULL
NULL,NULL,NULL,920,920,1,1,"home","905-525-9140 (J-BJ)",NULL
NULL,NULL,NULL,921,921,1,1,"home","905-525-9140 (K-BJ)",NULL
NULL,NULL,NULL,922,922,1,1,"home","905-525-9140 (L-BJ)",NULL
NULL,NULL,NULL,923,923,1,1,"home","905-525-9140 (M-BJ)",NULL
NULL,NULL,NULL,924,924,1,1,"home","905-525-9140 (N-BJ)",NULL
NULL,NULL,NULL,925,925,1,1,"home","905-525-9140 (O-BJ)",NULL
NULL,NULL,NULL,926,926,1,1,"home","905-525-9140 (P-BJ)",NULL
NULL,NULL,NULL,927,927,1,1,"home","905-525-9140 (Q-BJ)",NULL
NULL,NULL,NULL,928,928,1,1,"home","905-525-9140 (R-BJ)",NULL
NULL,NULL,NULL,929,929,1,1,"home","905-525-9140 (S-BJ)",NULL
NULL,NULL,NULL,930,930,1,1,"home","905-525-9140 (T-BJ)",NULL
NULL,NULL,NULL,931,931,1,1,"home","905-525-9140 (U-BJ)",NULL
NULL,NULL,NULL,932,932,1,1,"home","905-525-9140 (V-BJ)",NULL
NULL,NULL,NULL,933,933,1,1,"home","905-525-9140 (W-BJ)",NULL
NULL,NULL,NULL,934,934,1,1,"home","905-525-9140 (X-BJ)",NULL
NULL,NULL,NULL,935,935,1,1,"home","905-525-9140 (Y-BJ)",NULL
NULL,NULL,NULL,936,936,1,1,"home","905-525-9140 (Z-BJ)",NULL
NULL,NULL,NULL,937,937,1,1,"home","905-525-9140 (A-BK)",NULL
NULL,NULL,NULL,938,938,1,1,"home","905-525-9140 (B-BK)",NULL
NULL,NULL,NULL,939,939,1,1,"home","905-525-9140 (C-BK)",NULL
NULL,NULL,NULL,940,940,1,1,"home","905-525-9140 (D-BK)",NULL
NULL,NULL,NULL,941,941,1,1,"home","905-525-9140 (E-BK)",NULL
NULL,NULL,NULL,942,942,1,1,"home","905-525-9140 (F-BK)",NULL
NULL,NULL,NULL,943,943,1,1,"home","905-525-9140 (G-BK)",NULL
NULL,NULL,NULL,944,944,1,1,"home","905-525-9140 (H-BK)",NULL
NULL,NULL,NULL,945,945,1,1,"home","905-525-9140 (I-BK)",NULL
NULL,NULL,NULL,946,946,1,1,"home","905-525-9140 (J-BK)",NULL
NULL,NULL,NULL,947,947,1,1,"home","905-525-9140 (K-BK)",NULL
NULL,NULL,NULL,948,948,1,1,"home","905-525-9140 (L-BK)",NULL
NULL,NULL,NULL,949,949,1,1,"home","905-525-9140 (M-BK)",NULL
NULL,NULL,NULL,950,950,1,1,"home","905-525-9140 (N-BK)",NULL
NULL,NULL,NULL,951,951,1,1,"home","905-525-9140 (O-BK)",NULL
NULL,NULL,NULL,952,952,1,1,"home","905-525-9140 (P-BK)",NULL
NULL,NULL,NULL,953,953,1,1,"home","905-525-9140 (Q-BK)",NULL
NULL,NULL,NULL,954,954,1,1,"home","905-525-9140 (R-BK)",NULL
NULL,NULL,NULL,955,955,1,1,"home","905-525-9140 (S-BK)",NULL
NULL,NULL,NULL,956,956,1,1,"home","905-525-9140 (T-BK)",NULL
NULL,NULL,NULL,957,957,1,1,"home","905-525-9140 (U-BK)",NULL
NULL,NULL,NULL,958,958,1,1,"home","905-525-9140 (V-BK)",NULL
NULL,NULL,NULL,959,959,1,1,"home","905-525-9140 (W-BK)",NULL
NULL,NULL,NULL,960,960,1,1,"home","905-525-9140 (X-BK)",NULL
NULL,NULL,NULL,961,961,1,1,"home","905-525-9140 (Y-BK)",NULL
NULL,NULL,NULL,962,962,1,1,"home","905-525-9140 (Z-BK)",NULL
NULL,NULL,NULL,963,963,1,1,"home","905-525-9140 (A-BL)",NULL
NULL,NULL,NULL,964,964,1,1,"home","905-525-9140 (B-BL)",NULL
NULL,NULL,NULL,965,965,1,1,"home","905-525-9140 (C-BL)",NULL
NULL,NULL,NULL,966,966,1,1,"home","905-525-9140 (D-BL)",NULL
NULL,NULL,NULL,967,967,1,1,"home","905-525-9140 (E-BL)",NULL
NULL,NULL,NULL,968,968,1,1,"home","905-525-9140 (F-BL)",NULL
NULL,NULL,NULL,969,969,1,1,"home","905-525-9140 (G-BL)",NULL
NULL,NULL,NULL,970,970,1,1,"home","905-525-9140 (H-BL)",NULL
NULL,NULL,NULL,971,971,1,1,"home","905-525-9140 (I-BL)",NULL
NULL,NULL,NULL,972,972,1,1,"home","905-525-9140 (J-BL)",NULL
NULL,NULL,NULL,973,973,1,1,"home","905-525-9140 (K-BL)",NULL
NULL,NULL,NULL,974,974,1,1,"home","905-525-9140 (L-BL)",NULL
NULL,NULL,NULL,975,975,1,1,"home","905-525-9140 (M-BL)",NULL
NULL,NULL,NULL,976,976,1,1,"home","905-525-9140 (N-BL)",NULL
NULL,NULL,NULL,977,977,1,1,"home","905-525-9140 (O-BL)",NULL
NULL,NULL,NULL,978,978,1,1,"home","905-525-9140 (P-BL)",NULL
NULL,NULL,NULL,979,979,1,1,"home","905-525-9140 (Q-BL)",NULL
NULL,NULL,NULL,980,980,1,1,"home","905-525-9140 (R-BL)",NULL
NULL,NULL,NULL,981,981,1,1,"home","905-525-9140 (S-BL)",NULL
NULL,NULL,NULL,982,982,1,1,"home","905-525-9140 (T-BL)",NULL
NULL,NULL,NULL,983,983,1,1,"home","905-525-9140 (U-BL)",NULL
NULL,NULL,NULL,984,984,1,1,"home","905-525-9140 (V-BL)",NULL
NULL,NULL,NULL,985,985,1,1,"home","905-525-9140 (W-BL)",NULL
NULL,NULL,NULL,986,986,1,1,"home","905-525-9140 (X-BL)",NULL
NULL,NULL,NULL,987,987,1,1,"home","905-525-9140 (Y-BL)",NULL
NULL,NULL,NULL,988,988,1,1,"home","905-525-9140 (Z-BL)",NULL
NULL,NULL,NULL,989,989,1,1,"home","905-525-9140 (A-BM)",NULL
NULL,NULL,NULL,990,990,1,1,"home","905-525-9140 (B-BM)",NULL
NULL,NULL,NULL,991,991,1,1,"home","905-525-9140 (C-BM)",NULL
NULL,NULL,NULL,992,992,1,1,"home","905-525-9140 (D-BM)",NULL
NULL,NULL,NULL,993,993,1,1,"home","905-525-9140 (E-BM)",NULL
NULL,NULL,NULL,994,994,1,1,"home","905-525-9140 (F-BM)",NULL
NULL,NULL,NULL,995,995,1,1,"home","905-525-9140 (G-BM)",NULL
NULL,NULL,NULL,996,996,1,1,"home","905-525-9140 (H-BM)",NULL
NULL,NULL,NULL,997,997,1,1,"home","905-525-9140 (I-BM)",NULL
NULL,NULL,NULL,998,998,1,1,"home","905-525-9140 (J-BM)",NULL
NULL,NULL,NULL,999,999,1,1,"home","905-525-9140 (K-BM)",NULL
NULL,NULL,NULL,1000,1000,1,1,"home","905-525-9140 (L-BM)",NULL
